id,answer,user_input,answer_category,input_category_guess,relation_tag,expected_range,score_0_100,reason,reviewer
711,父亲节,任务,节日,,nonsense_low,0-20,2,毫无关联,
520,远程,离职,工作,,same_category_mid,60-70,40,都是工作，但关联度不高,
413,圣斗士,龙猫,动漫,,same_category_mid,60-70,50,关联度中等,
47,迈步,迈步,动作,,same_answer_exact,95-100,100,完全一样,
186,工程,土木,学科,,hint_like_high,70-90,90,联想度很高,
157,糖葫芦,冰晶壳,美食,,hint_like_high,70-90,60,外观描述,
31,挥拳,挥拳,动作,,same_answer_exact,95-100,100,完全一样,
787,运动,先定规则,生活,,nonsense_low,0-20,2,毫无关联,
408,网球王子,游戏王,动漫,,same_category_mid,60-70,50,关联度中等,
505,狐妖小红娘,银魂,动漫,,same_category_mid,60-70,50,关联度中等,
738,伸展,下西洋,动作,,nonsense_low,0-20,2,毫无关联,
161,过图,进下关,游戏,,hint_like_high,70-90,60,还是不好猜到,
871,酸辣粉,酸辣粉,美食,,exact_match,98-100,100,完全一致,
362,丢垃圾,通话,生活,,same_category_mid,60-70,10,猜不到的,
550,冲茶,挥拳,生活,,cross_category_low,0-30,10,语义不同,
290,井然有序,叶公好龙,成语,,same_category_mid,60-70,20,二者关联度底,
4,湖畔,湖畔,风景,,same_answer_exact,95-100,100,完全一样,
455,对牛弹琴,画地为牢,成语,,same_category_mid,60-70,30,都是成语，但关联度不高,
153,自驾,路线随定,旅游,,hint_like_high,70-90,40,有关联但是很难联想,
160,泡澡,热水,生活,,hint_like_high,70-90,80,较为接近,
640,酸辣粉,全职猎人,美食,,cross_category_low,0-30,7,二者不搭界,
743,天气之子,弯膝下沉,动漫,,nonsense_low,0-20,2,毫无关联,
905,魔术师,三明治,狼人杀,,hard_negative_low,0-20,2,跨类无关（需人工复核）,
82,压抑,郁结,感情,,hint_like_high,70-90,60,都有抑郁的情感色彩但不完全一样,
463,相柳,西王母,神话,,same_category_mid,60-70,40,都是神话，但关联度不高,
293,理财,洗衣,生活,,same_category_mid,60-70,10,二者完全不搭界,
627,白狼王,鲛人,狼人杀,,cross_category_low,0-30,7,二者不搭界,
860,鞠躬,鞠躬,动作,,exact_match,98-100,100,完全一致,
403,紧张,焦虑,感情,,same_category_mid,60-70,30,语义不同,
333,毛遂自荐,单刀赴会,典故,,same_category_mid,60-70,20,关联度低,
375,白居易,张衡,人物,,same_category_mid,60-70,40,都是历史人物，但关联度不高,
458,溪流,湖泊,风景,,same_category_mid,60-70,30,都是风景，但关联度不高,
250,拓印,石文摹写,文化,,hint_like_high,70-90,80,关联度较高,
615,做梦,火星,生活,,cross_category_low,0-30,7,二者不搭界,
35,感动,感动,情感,,same_answer_exact,95-100,100,完全一样,
930,雪峰,答辩,风景,,hard_negative_low,0-20,2,跨类无关（需人工复核）,
215,油菜花,一片黄,风景,,hint_like_high,70-90,50,后者范围较广,
74,材料,材料,学科,,same_answer_exact,95-100,100,完全一样,
169,计算,代码实现,学科,,hint_like_high,70-90,30,关联度不高,
724,狼骑士,徒劳幻想,狼人杀,,nonsense_low,0-20,2,毫无关联,
103,花鼓,踏步节奏,文化,,hint_like_high,70-90,60,关联度中等,
856,云雾,云雾,风景,,exact_match,98-100,100,完全一致,
418,陈奕迅,李荣浩,歌手,,same_category_mid,60-70,40,都是歌手，但关联度不高,
155,露营,看星星,旅游,,hint_like_high,70-90,60,后者是前者一部分，但不是主体关联,
730,排球少年,熬到很晚,动漫,,nonsense_low,0-20,2,毫无关联,
564,生物,梦魇,学科,,cross_category_low,0-30,7,二者不搭界,
281,失落,伤心,感情,,same_category_mid,60-70,80,词义接近,
454,交接,自检,工作,,same_category_mid,60-70,20,语义不同,
345,悲伤,温馨,感情,,same_category_mid,60-70,30,关联度底,
605,朗读,挤压,学习,,cross_category_low,0-30,7,二者不搭界,
128,复习,翻旧笔记,学习,,hint_like_high,70-90,80,复习包含翻旧笔记,
148,三令五申,反复说明,典故,,hint_like_high,70-90,80,关联度较高,
572,游戏王,农学,动漫,,cross_category_low,0-30,7,二者不搭界,
10,那英,那英,歌手,,same_answer_exact,95-100,100,完全一样,
477,李清照,秦始皇,人物,,same_category_mid,60-70,40,都是历史人物，但关联度不高,
843,视角,视角,游戏,,exact_match,98-100,100,完全一致,
844,滥竽充数,滥竽充数,成语,,exact_match,98-100,100,完全一致,
898,依恋,狼美人,情感,,hard_negative_low,0-20,2,跨类无关（需人工复核）,
932,春节,一箭双雕,节日,,hard_negative_low,0-20,2,跨类无关（需人工复核）,
772,灯谜,泪成珠,文化,,nonsense_low,0-20,2,毫无关联,
48,做作业,做作业,学习,,same_answer_exact,95-100,100,完全一样,
712,霜降,侠客,节日,,nonsense_low,0-20,2,毫无关联,
629,日出,玄鸟,风景,,cross_category_low,0-30,7,二者不搭界,
574,露台,最美的期待,旅游,,cross_category_low,0-30,7,二者不搭界,
407,拍照,免税,旅游,,same_category_mid,60-70,20,语义不同,
686,害怕,起风了,感情,,nonsense_low,0-20,2,毫无关联,
353,风之谷,龙猫,动漫,,same_category_mid,60-70,40,关联度中等,
837,同舟共济,同舟共济,成语,,exact_match,98-100,100,完全一致,
608,新手,丘比特,游戏,,cross_category_low,0-30,7,二者不搭界,
663,拉怪,伸手,游戏,,cross_category_low,0-30,7,二者不搭界,
912,白居易,大公无私,人物,,hard_negative_low,0-20,2,跨类无关（需人工复核）,
494,对牛弹琴,唇亡齿寒,成语,,same_category_mid,60-70,30,都是成语，但关联度不高,
123,杨戬,神将,神话,,hint_like_high,70-90,60,包含关系,
728,抬头,柜台,动作,,nonsense_low,0-20,2,毫无关联,
732,害怕,翻书找页,感情,,nonsense_low,0-20,2,毫无关联,
441,丢垃圾,洗漱,生活,,same_category_mid,60-70,20,语义不同,
262,后退,保持距离,动作,,hint_like_high,70-90,70,后者联想度一般，也可联想成为前进,
27,处暑,处暑,节日,,same_answer_exact,95-100,100,完全一样,
411,看展,坐船,旅游,,same_category_mid,60-70,20,语义不同,
857,贾宝玉,贾宝玉,人物,,exact_match,98-100,100,完全一致,
557,美术,骑士,学科,,cross_category_low,0-30,7,二者不搭界,
667,俯身,午休,动作,,cross_category_low,0-30,7,二者不搭界,
636,果汁,协同,美食,,cross_category_low,0-30,7,二者不搭界,
646,忐忑,战绩,感情,,cross_category_low,0-30,7,二者不搭界,
782,秦时明月,随从群,动漫,,nonsense_low,0-20,2,毫无关联,
575,影子,一字千金,狼人杀,,cross_category_low,0-30,7,二者不搭界,
530,星游记,礁石,动漫,,cross_category_low,0-30,7,二者不搭界,
462,追剧,打扫,生活,,same_category_mid,60-70,20,语义不同,
754,手柄,大禹,游戏,,nonsense_low,0-20,2,毫无关联,
847,应龙,应龙,神话,,exact_match,98-100,100,完全一致,
158,立冬,寒意重,节日,,hint_like_high,70-90,90,关联度较高,
672,悲伤,碑刻,感情,,cross_category_low,0-30,7,二者不搭界,
260,做实验,器材,学习,,hint_like_high,70-90,80,关联度较高,
101,小葱拌豆腐,清清楚楚,歇后语,,hint_like_high,70-90,50,后者非歇后语,
299,苦闷,愤怒,感情,,same_category_mid,60-70,60,情感强度不同,
682,果汁,判定,美食,,nonsense_low,0-20,2,毫无关联,
478,孙悟空,蒲松龄,人物,,same_category_mid,60-70,40,都是历史人物，但关联度不高,
810,火锅,涮锅,美食,,near_synonym_high,90,90,近义称呼,
915,拉怪,地质,游戏,,hard_negative_low,0-20,2,跨类无关（需人工复核）,
914,挥手,果汁,动作,,hard_negative_low,0-20,2,跨类无关（需人工复核）,
604,转机,刺绣,旅游,,cross_category_low,0-30,7,二者不搭界,
740,泥菩萨过,兔子尾巴,歇后语,,nonsense_low,0-20,2,毫无关联,
809,饺子,水饺,美食,,near_synonym_high,85-95,90,同义常用词,
502,女娲,朱雀,神话,,same_category_mid,60-70,60,都是神话，但关联度不高,
913,盗贼,鲲鹏,狼人杀,,hard_negative_low,0-20,2,跨类无关（需人工复核）,
863,读档,读档,游戏,,exact_match,98-100,100,完全一致,
725,植物,无顾虑,学科,,nonsense_low,0-20,2,毫无关联,
239,雷公,神话神,神话,,hint_like_high,70-90,50,后者范围较广,
705,进击的巨人,家常餐,动漫,,nonsense_low,0-20,2,毫无关联,
849,鲲鹏,鲲鹏,神话,,exact_match,98-100,100,完全一致,
349,锦上添花,自相矛盾,成语,,same_category_mid,60-70,20,仅为成语，关联度低,
354,小葱拌豆腐,刻舟求剑,歇后语,,same_category_mid,60-70,30,关联度低,
84,美少女战士,变身,动漫,,hint_like_high,70-90,40,变身只是美少女战士的一个元素,
489,单刀赴会,悬梁刺股,典故,,same_category_mid,60-70,30,都是历史典故，但关联度不高,
397,溪流,冰川,风景,,same_category_mid,60-70,30,都是风景，但关联度不高,
282,大鱼海棠,天空之城,动漫,,same_category_mid,60-70,70,都为动漫,
278,塔防,资源分配,游戏,,hint_like_high,70-90,50,后者范围较广,
832,逻辑,逻辑,学科,,exact_match,98-100,100,完全一致,
805,李白,青莲居士,人物,,alias_synonym_high,85-95,90,人物号,
807,孙悟空,齐天大圣,人物,,alias_synonym_high,90-98,99,同一角色称谓,
555,喜悦,煎饼,情感,,cross_category_low,0-30,7,二者不搭界,
679,惊蛰,轮岗,节日,,cross_category_low,0-30,7,二者不搭界,
893,值机,语文,旅游,,hard_negative_low,0-20,2,跨类无关（需人工复核）,
656,肉夹馍,越剧,美食,,cross_category_low,0-30,7,二者不搭界,
855,丘比特,丘比特,狼人杀,,exact_match,98-100,100,完全一致,
7,里程碑,里程碑,工作,,same_answer_exact,95-100,100,完全一样,
205,追剧,下一集,生活,,hint_like_high,70-90,50,关联度中等,
295,八面玲珑,同舟共济,成语,,same_category_mid,60-70,20,二者词义关联度低,
379,幽游白书,斗破苍穹,动漫,,same_category_mid,60-70,50,均为动漫，语义不同,
722,做家务,得意,生活,,nonsense_low,0-20,2,毫无关联,
431,相柳,刑天,神话,,same_category_mid,60-70,40,都是神话，但关联度不高,
319,练习,阅读,学习,,same_category_mid,60-70,30,关联度低,
842,花灯,花灯,文化,,exact_match,98-100,100,完全一致,
880,背水一战,身后是河,典故,,near_synonym_high,80-92,90,答案提示词（需人工复核）,
151,懊悔,自责,感情,,hint_like_high,70-90,80,感情接近,
938,四面楚歌,排球少年,典故,,hard_negative_low,0-20,2,跨类无关（需人工复核）,
43,陨石,陨石,宇宙,,same_answer_exact,95-100,100,完全一样,
691,气象,卤味,学科,,nonsense_low,0-20,2,毫无关联,
745,猪八戒照镜,执干戚,歇后语,,nonsense_low,0-20,2,毫无关联,
748,懊悔,果汁,感情,,nonsense_low,0-20,2,毫无关联,
752,排查,校准方向,工作,,nonsense_low,0-20,2,毫无关联,
179,指鹿为马,强词夺理,典故,,hint_like_high,70-90,70,前者具体事件，后者解释而已,
524,月球,惊喜,宇宙,,cross_category_low,0-30,9,二者不搭界,
940,测绘,戏曲,学科,,hard_negative_low,0-20,2,跨类无关（需人工复核）,
816,看见,看到,锚点词,,near_synonym_high,90,90,动词近义,
510,越剧,纸鸢,文化,,same_category_mid,60-70,40,都是历史文化，但关联度不高,
240,大暑,找阴凉,节日,,hint_like_high,70-90,70,字面意思接近,
76,盲人摸象,盲人摸象,成语,,same_answer_exact,95-100,100,完全一样,
159,泡汤,室外池边,旅游,,hint_like_high,70-90,60,后者范围有点大,
796,指鹿为马,伎俩耗尽,典故,,nonsense_low,0-20,2,毫无关联,
792,理发,步行区,生活,,nonsense_low,0-20,2,毫无关联,
248,查阅,检索文献,学习,,hint_like_high,70-90,80,关联度较高,
444,惆怅,惬意,情感,,same_category_mid,60-70,30,语义不同,
889,卫星,烦躁,宇宙,,hard_negative_low,0-20,2,跨类无关（需人工复核）,
769,皮雕,现场呈现,文化,,nonsense_low,0-20,2,毫无关联,
241,上网,信号满,生活,,hint_like_high,70-90,70,信号满容易联想到手机或者WIFI,
630,郑和,鲲鹏,人物,,cross_category_low,0-30,7,二者不搭界,
187,投笔从戎,奔赴战场,典故,,hint_like_high,70-90,70,后者没有描述到投笔的含义,
32,小溪,小溪,风景,,same_answer_exact,95-100,100,完全一样,
55,张学友,张学友,歌手,,same_answer_exact,95-100,100,完全一样,
234,相声,包袱连连,文化,,hint_like_high,70-90,80,关联度较高,
521,惬意,草船借箭,感情,,cross_category_low,0-30,20,语义不同,
625,欣喜,批改,情感,,cross_category_low,0-30,7,二者不搭界,
784,蔡依林,发呆,歌手,,nonsense_low,0-20,2,毫无关联,
191,预习,先熟悉,学习,,hint_like_high,70-90,90,很接近,
405,村民,影子,狼人杀,,same_category_mid,60-70,70,都为狼人杀，范围接近,
391,麻花,汤圆,美食,,same_category_mid,60-70,30,都是吃的，仅此而已,
316,熬夜,网购,生活,,same_category_mid,60-70,20,关联度低,
479,戏曲,皮影,文化,,same_category_mid,60-70,40,都是历史文化，但关联度不高,
301,晴天,平凡之路,歌曲,,same_category_mid,60-70,20,都为歌曲，但联想度很低,
888,望梅止渴,追剧,典故,,hard_negative_low,0-20,2,跨类无关（需人工复核）,
484,图穷匕见,破釜沉舟,典故,,same_category_mid,60-70,30,都是历史典故，但关联度不高,
189,梁静茹,情歌,歌手,,hint_like_high,70-90,50,关联度中等,
853,河伯,河伯,神话,,exact_match,98-100,100,完全一致,
535,妖精尾巴,星座,动漫,,cross_category_low,0-30,5,二者不搭界,
445,小暑,万圣节,节日,,same_category_mid,60-70,30,都是节日，但关联度不高,
439,画龙点睛,画地为牢,成语,,same_category_mid,60-70,30,都是成语，但关联度不高,
768,方案,摘记,工作,,nonsense_low,0-20,2,毫无关联,
721,孤寂,路线阻挡,情感,,nonsense_low,0-20,2,毫无关联,
393,愤怒,烦躁,感情,,same_category_mid,60-70,30,语义不同,
425,煎饼,甜品,美食,,same_category_mid,60-70,30,都是吃的，仅此而已,
383,溪流,稻田,风景,,same_category_mid,60-70,20,都是风景，但关联度不高,
704,释怀,化形,情感,,nonsense_low,0-20,2,毫无关联,
897,打卡,网球王子,旅游,,hard_negative_low,0-20,2,跨类无关（需人工复核）,
687,触龙说赵,祭灶,典故,,nonsense_low,0-20,2,毫无关联,
690,借刀杀人,月饼,典故,,nonsense_low,0-20,2,毫无关联,
680,订房,亮起来,旅游,,nonsense_low,0-20,2,毫无关联,
818,猫咪,刘备,锚点词,,hard_negative_low,0-20,2,无关对照,
778,井水不犯,传递流程,歇后语,,nonsense_low,0-20,2,毫无关联,
192,画地为牢,自我束缚,成语,,hint_like_high,70-90,80,关联度较高,
894,竹编,值班,文化,,hard_negative_low,0-20,2,跨类无关（需人工复核）,
516,失落,压抑,感情,,same_category_mid,60-70,60,都是负面情绪,
715,刀剑神域,对齐,动漫,,nonsense_low,0-20,2,毫无关联,
174,红豆,温柔,歌曲,,hint_like_high,70-90,30,后者仅是前者的一种情绪表达，关联度不高,
81,下线,关闭功能,工作,,hint_like_high,70-90,20,下线包含关闭的意思但关联度确实不高,
589,苏轼,居安思危,人物,,cross_category_low,0-30,7,二者不搭界,
461,郁闷,惋惜,情感,,same_category_mid,60-70,30,语义不同,
83,挑灯夜战,熬到很晚,成语,,hint_like_high,70-90,80,意思接近但后者非成语,
697,司马光,亲切感,人物,,nonsense_low,0-20,2,毫无关联,
421,草原,林间,风景,,same_category_mid,60-70,30,都是风景，但关联度不高,
558,王安石,青之驱魔师,人物,,cross_category_low,0-30,7,二者不搭界,
225,租房,合同,生活,,hint_like_high,70-90,50,后者范围较广,
471,岳飞,李时珍,人物,,same_category_mid,60-70,40,都是历史人物，但关联度不高,
869,欣慰,欣慰,感情,,exact_match,98-100,100,完全一致,
435,夜曲,晴天,歌曲,,same_category_mid,60-70,60,关联度中等,
504,斗罗大陆,死神,动漫,,same_category_mid,60-70,50,关联度中等,
631,露台,复盘,旅游,,cross_category_low,0-30,7,二者不搭界,
655,实验,旋转,学习,,cross_category_low,0-30,7,二者不搭界,
197,阅读,沉浸,学习,,hint_like_high,70-90,80,后者较容易猜测到前者,
470,外星人,星球,宇宙,,same_category_mid,60-70,40,都是宇宙相关，但关联度不高,
556,守卫,午休,狼人杀,,cross_category_low,0-30,7,二者不搭界,
531,三令五申,超新星,典故,,cross_category_low,0-30,2,二者不搭界,
80,跳跃,跳跃,动作,,same_answer_exact,95-100,100,完全一样,
298,副本,开荒,游戏,,same_category_mid,60-70,70,关联度较高,
757,沙拉,近乎无物,美食,,nonsense_low,0-20,2,毫无关联,
513,木星,火星,宇宙,,same_category_mid,60-70,40,都是宇宙相关，但关联度不高,
428,八面玲珑,杯弓蛇影,成语,,same_category_mid,60-70,30,都是成语，但关联度不高,
760,馄饨,等待对局,美食,,nonsense_low,0-20,2,毫无关联,
129,望远镜,天文器,宇宙,,hint_like_high,70-90,60,包含关系,
885,冷淡,焦虑,情感,,hard_negative_low,0-20,20,跨类无关（需人工复核）,
664,蛋挞,自豪,美食,,cross_category_low,0-30,7,二者不搭界,
113,外卖,门口取,生活,,hint_like_high,70-90,55,有关联，但联想程度不高,
498,教程,公会,游戏,,same_category_mid,60-70,40,都是游戏，但关联度不高,
710,听课,守岁,学习,,nonsense_low,0-20,2,毫无关联,
799,进击的巨人,心里一惊,动漫,,nonsense_low,0-20,2,毫无关联,
57,霜降,霜降,节日,,same_answer_exact,95-100,100,完全一样,
284,同舟共济,锦上添花,成语,,same_category_mid,60-70,60,种类相同，但意义不同,
330,欣赏,欣慰,情感,,same_category_mid,60-70,60,有相同的字但意思不对,
94,挥手,抬前臂,动作,,hint_like_high,70-90,90,意思接近,
544,小幸运,俯冲,歌曲,,cross_category_low,0-30,4,二者不搭界,
91,银河,亿万恒体,宇宙,,hint_like_high,70-90,80,意思接近但后者非宇宙,
583,月饼,热切,美食,,cross_category_low,0-30,7,二者不搭界,
529,值机,春分,旅游,,cross_category_low,0-30,6,二者不搭界,
653,疲惫,杨千嬅,感情,,cross_category_low,0-30,7,二者不搭界,
560,心疼,柳宗元,情感,,cross_category_low,0-30,7,二者不搭界,
63,灵笼,灵笼,动漫,,same_answer_exact,95-100,100,完全一样,
866,山脊,山脊,风景,,exact_match,98-100,100,完全一致,
29,露台,露台,旅游,,same_answer_exact,95-100,100,完全一样,
259,混血儿,可变阵营,狼人杀,,hint_like_high,70-90,90,很接近,
25,集章,集章,旅游,,same_answer_exact,95-100,100,完全一样,
755,元宵,绿垄,节日,,nonsense_low,0-20,2,毫无关联,
476,熬夜,晒衣,生活,,same_category_mid,60-70,20,语义不同,
645,讨论,鲁迅,学习,,cross_category_low,0-30,7,二者不搭界,
490,邮轮,看夜景,旅游,,same_category_mid,60-70,40,语义不同,
181,日报,每天写,工作,,hint_like_high,70-90,70,关联度接近,
150,策略,博弈思考,游戏,,hint_like_high,70-90,50,关联度中等,
797,远程,不受管束,工作,,nonsense_low,0-20,2,毫无关联,
54,徒步,徒步,旅游,,same_answer_exact,95-100,100,完全一样,
877,虹猫蓝兔,虹猫蓝兔,动漫,,exact_match,98-100,100,完全一致,
865,骑士,骑士,狼人杀,,exact_match,98-100,100,完全一致,
886,烤鸭,范仲淹,美食,,hard_negative_low,0-20,2,跨类无关（需人工复核）,
647,邯郸学步,刷牙,典故,,cross_category_low,0-30,7,二者不搭界,
684,稻香,攀向高处,歌曲,,nonsense_low,0-20,2,毫无关联,
170,真挚,情感纯粹,情感,,hint_like_high,70-90,80,关联度较高,
364,网球王子,铃芽之旅,动漫,,same_category_mid,60-70,50,关联度中等,
741,海湾,雾气起,风景,,nonsense_low,0-20,2,毫无关联,
713,哲学,稳定性,学科,,nonsense_low,0-20,2,毫无关联,
317,云雾,茶园,风景,,same_category_mid,60-70,20,关联度低,
763,气候,你是猪,学科,,nonsense_low,0-20,2,毫无关联,
934,解答,紧张,学习,,hard_negative_low,0-20,2,跨类无关（需人工复核）,
652,黑洞,惊喜,宇宙,,cross_category_low,0-30,7,二者不搭界,
623,狗咬吕洞宾,猎魔人,歇后语,,cross_category_low,0-30,7,二者不搭界,
508,猎魔人,梦魇,狼人杀,,same_category_mid,60-70,70,都为狼人杀，范围接近,
549,签证,指鹿为马,旅游,,cross_category_low,0-30,4,都是旅游，但关联度不高,
892,赶车,提问,旅游,,hard_negative_low,0-20,2,跨类无关（需人工复核）,
596,全职猎人,馄饨,动漫,,cross_category_low,0-30,7,二者不搭界,
793,糖葫芦,火属性,美食,,nonsense_low,0-20,2,毫无关联,
61,理发,理发,生活,,same_answer_exact,95-100,100,完全一样,
469,收拾,午休,生活,,same_category_mid,60-70,20,语义不同,
257,依恋,想靠近,情感,,hint_like_high,70-90,50,后者范围较广,
501,白虎,玄女,神话,,same_category_mid,60-70,60,都是神话，但关联度不高,
254,守夜人,深更出手,狼人杀,,hint_like_high,70-90,50,形容这个身份，但狼人杀术语中不适用,
870,老子,老子,人物,,exact_match,98-100,100,完全一致,
859,预习,预习,学习,,exact_match,98-100,100,完全一致,
692,圣诞,虚惊一场,节日,,nonsense_low,0-20,2,毫无关联,
322,古城,云雾,风景,,same_category_mid,60-70,40,关联度低,
576,评审,镇魂街,工作,,cross_category_low,0-30,7,二者不搭界,
33,弹跳,弹跳,动作,,same_answer_exact,95-100,100,完全一样,
104,惊喜,猝不及防,情感,,hint_like_high,70-90,40,惊喜包含猝不及防但后者关联度确实不高,
606,关羽,盲人摸象,人物,,cross_category_low,0-30,7,二者不搭界,
261,先知,预言家,狼人杀,,hint_like_high,70-90,100,二者几乎相等,
546,seitai,点头,神话,,cross_category_low,0-30,6,二者不搭界,
547,里程碑,太阳系,工作,,cross_category_low,0-30,7,二者不搭界,
92,白露,地表湿,节日,,hint_like_high,70-90,80,意思接近但后者非节日,
457,行星,超新星,宇宙,,same_category_mid,60-70,40,都是宇宙相关，但关联度不高,
168,毛不易,创作,歌手,,hint_like_high,70-90,60,后者范围过大,
929,订房,三顾茅庐,旅游,,hard_negative_low,0-20,2,跨类无关（需人工复核）,
171,周深,治愈,歌手,,hint_like_high,70-90,10,不搭界，周深没唱过治愈,
662,图穷匕见,连击,典故,,cross_category_low,0-30,7,二者不搭界,
499,租车,集章,旅游,,same_category_mid,60-70,40,都是旅游，但关联度不高,
443,猎魔人,机械狼,狼人杀,,same_category_mid,60-70,70,都为狼人杀，范围接近,
122,竹海,风起摇曳,风景,,hint_like_high,70-90,40,风吹过竹子,
400,塔防,手柄,游戏,,same_category_mid,60-70,30,都是游戏，但关联度不高,
328,银魂,魔女宅急便,动漫,,same_category_mid,60-70,50,均为动漫，但猜不到,
666,大暑,琴棋,节日,,cross_category_low,0-30,7,二者不搭界,
939,转身,按部就班,动作,,hard_negative_low,0-20,2,跨类无关（需人工复核）,
272,猪八戒照镜,夹在中间,歇后语,,hint_like_high,70-90,70,语义较为接近，但后者非歇后语,
639,卫星,果汁,宇宙,,cross_category_low,0-30,7,二者不搭界,
402,稻香,告白,歌曲,,same_category_mid,60-70,60,关联度中等,
765,数学,粽香,学科,,nonsense_low,0-20,2,毫无关联,
52,淋浴,淋浴,生活,,same_answer_exact,95-100,100,完全一样,
5,陈奕迅,陈奕迅,歌手,,same_answer_exact,95-100,100,完全一样,
348,屈原,诸葛亮,人物,,same_category_mid,60-70,30,都是历史人物，但关联度不高,
382,归纳,考试,学习,,same_category_mid,60-70,40,都是学习活动，但关联度不高,
519,解谜,升级,游戏,,same_category_mid,60-70,40,都是游戏，但关联度不高,
288,理发,淋浴,生活,,same_category_mid,60-70,10,完全猜不到,
251,镇魂街,战斗,动漫,,hint_like_high,70-90,50,后者范围较广,
488,羡慕,惊讶,感情,,same_category_mid,60-70,30,都是情感，但关联度不高,
737,熊出没,牺牲,动漫,,nonsense_low,0-20,2,毫无关联,
579,嫉妒,会议,感情,,cross_category_low,0-30,7,二者不搭界,
836,交接,交接,工作,,exact_match,98-100,100,完全一致,
456,培训,加班,工作,,same_category_mid,60-70,20,语义不同,
654,化学,狼人,学科,,cross_category_low,0-30,7,二者不搭界,
464,背诵,朗读,学习,,same_category_mid,60-70,40,都是学习，但关联度不高,
440,守护神,狼美人,狼人杀,,same_category_mid,60-70,70,都为狼人杀，范围接近,
918,俯冲,汇总,动作,,hard_negative_low,0-20,2,跨类无关（需人工复核）,
795,香道,挂起来,文化,,nonsense_low,0-20,2,毫无关联,
659,后来我们,划点,歌曲,,cross_category_low,0-30,7,二者不搭界,
370,郁闷,热切,情感,,same_category_mid,60-70,20,语义不同,
432,对牛弹琴,掩耳盗铃,成语,,same_category_mid,60-70,30,都是成语，但关联度不高,
534,命运之夜,山脊,动漫,,cross_category_low,0-30,2,二者不搭界,
584,鞠躬,精卫,动作,,cross_category_low,0-30,7,二者不搭界,
132,刮骨疗毒,壮士断腕,典故,,hint_like_high,70-90,40,情感上有联系，但前者属于关羽，华佗，三国独有,
610,烤鱼,陶器,美食,,cross_category_low,0-30,7,二者不搭界,
806,杜甫,少陵野老,人物,,alias_synonym_high,85-95,90,人物号,
577,跟踪,杜甫,工作,,cross_category_low,0-30,7,二者不搭界,
483,妖精尾巴,一人之下,动漫,,same_category_mid,60-70,50,关联度中等,
518,瞎子摸象,铁公鸡,歇后语,,same_category_mid,60-70,30,都是歇后语，但关联度不高,
926,不良人,销假,动漫,,hard_negative_low,0-20,2,跨类无关（需人工复核）,
177,烧饼,外脆内软,美食,,hint_like_high,70-90,60,后者范围过大,
590,祖冲之,讨论,人物,,cross_category_low,0-30,7,二者不搭界,
156,社会,人群,学科,,hint_like_high,70-90,50,关联度中等,
537,暴击,晚睡,游戏,,cross_category_low,0-30,6,二者不搭界,
571,天体,上线,学科,,cross_category_low,0-30,7,二者不搭界,
206,命运之夜,传说,动漫,,hint_like_high,70-90,40,关联度不高,
247,诸葛亮,卧龙,人物,,hint_like_high,70-90,99,二者几乎相等,
194,跳跃,落地缓冲,动作,,hint_like_high,70-90,60,关联度中等,
845,懊悔,懊悔,感情,,exact_match,98-100,100,完全一致,
838,编钟,编钟,文化,,exact_match,98-100,100,完全一致,
750,杯水车薪,母子转变,歇后语,,nonsense_low,0-20,2,毫无关联,
276,戏曲,票友捧场,文化,,hint_like_high,70-90,50,后者范围较广,
674,薛之谦,满足,歌手,,cross_category_low,0-30,7,二者不搭界,
829,黔驴技穷,黔驴技穷,典故,,exact_match,98-100,100,完全一致,
798,碑刻,篾条成形,文化,,nonsense_low,0-20,2,毫无关联,
472,言叶之庭,画江湖,动漫,,same_category_mid,60-70,40,都是历史人物，但关联度不高,
311,锦上添花,顺水推舟,成语,,same_category_mid,60-70,20,二者关联度低,
166,停下,不再动,动作,,hint_like_high,70-90,80,关联度较高,
332,收拾,丢垃圾,生活,,same_category_mid,60-70,70,关联度较高,
66,加班,加班,工作,,same_answer_exact,95-100,100,完全一样,
6,挑灯夜战,挑灯夜战,成语,,same_answer_exact,95-100,100,完全一样,
75,走位,走位,游戏,,same_answer_exact,95-100,100,完全一样,
468,青龙,刑天,神话,,same_category_mid,60-70,40,都是神话，但关联度不高,
808,哪吒,三太子,神话,,alias_synonym_high,85-95,90,角色称谓,
307,大禹,盘瓠,神话,,same_category_mid,60-70,30,二者关联度低,
12,日出,日出,风景,,same_answer_exact,95-100,100,完全一样,
554,惋惜,铁公鸡,情感,,cross_category_low,0-30,7,二者不搭界,
586,值班,狗尾续貂,工作,,cross_category_low,0-30,7,二者不搭界,
118,处暑,热退去,节日,,hint_like_high,70-90,60,对处暑的解释,
616,入职,语文,工作,,cross_category_low,0-30,7,二者不搭界,
273,郁闷,想叹气,情感,,hint_like_high,70-90,80,关联度较高,
581,掉落,许嵩,游戏,,cross_category_low,0-30,7,二者不搭界,
386,嫉妒,释然,感情,,same_category_mid,60-70,30,语义不同,
688,评弹,降雨量,文化,,nonsense_low,0-20,2,毫无关联,
85,化学,溶液配比,学科,,hint_like_high,70-90,50,化学包含溶液配比但后者只是前者的一个方面,
716,进击的巨人,孤身前往,动漫,,nonsense_low,0-20,2,毫无关联,
26,狗咬吕洞宾,狗咬吕洞宾,歇后语,,same_answer_exact,95-100,100,完全一样,
507,妖精尾巴,喜羊羊,动漫,,same_category_mid,60-70,50,关联度中等,
890,夜游,压抑,旅游,,hard_negative_low,0-20,2,跨类无关（需人工复核）,
387,许嵩,邓紫棋,歌手,,same_category_mid,60-70,40,都是歌手，但关联度不高,
126,理发,围布,生活,,hint_like_high,70-90,50,理发包含围布但后者只是前者的一个方面,
429,读书,通风,生活,,same_category_mid,60-70,20,语义不同,
253,狼美人,绑线,狼人杀,,hint_like_high,70-90,20,连人更合适，绑线狼人杀没听说,
381,死神,全职高手,动漫,,same_category_mid,60-70,50,均为动漫，语义不同,
592,日报,瞎子点灯,工作,,cross_category_low,0-30,7,二者不搭界,
545,晚睡,小行星,生活,,cross_category_low,0-30,5,二者不搭界,
69,梯田,梯田,风景,,same_answer_exact,95-100,100,完全一样,
20,守夜人,守夜人,狼人杀,,same_answer_exact,95-100,100,完全一样,
617,塔防,指鹿为马,游戏,,cross_category_low,0-30,7,二者不搭界,
359,落座,踢踏,动作,,same_category_mid,60-70,20,二者不搭界,
176,暗能量,占比高,宇宙,,hint_like_high,70-90,30,关联度不高,
329,后来,演员,歌曲,,same_category_mid,60-70,30,二者联想度低,
567,晾晒,亡羊补牢,生活,,cross_category_low,0-30,7,二者不搭界,
735,画江湖,早晨,动漫,,nonsense_low,0-20,2,毫无关联,
699,红豆,轨道群,歌曲,,nonsense_low,0-20,2,毫无关联,
36,需求,需求,工作,,same_answer_exact,95-100,100,完全一样,
37,按兵不动,按兵不动,成语,,same_answer_exact,95-100,100,完全一样,
764,狼王,行当,狼人杀,,nonsense_low,0-20,2,毫无关联,
916,海湾,薛之谦,风景,,hard_negative_low,0-20,2,跨类无关（需人工复核）,
49,刻舟求剑,刻舟求剑,歇后语,,same_answer_exact,95-100,100,完全一样,
831,拿鸡毛,拿鸡毛,歇后语,,exact_match,98-100,100,完全一致,
343,愤懑,敬佩,情感,,same_category_mid,60-70,30,关联度底,
77,体面,体面,歌曲,,same_answer_exact,95-100,100,完全一样,
931,羡慕,巫师,感情,,hard_negative_low,0-20,2,跨类无关（需人工复核）,
759,天空之城,怎么猜,动漫,,nonsense_low,0-20,2,毫无关联,
573,失望,酸辣粉,感情,,cross_category_low,0-30,7,二者不搭界,
222,早起,先洗漱,生活,,hint_like_high,70-90,60,关联度中等,
775,麒麟,道德经,神话,,nonsense_low,0-20,2,毫无关联,
601,上课,不良人,学习,,cross_category_low,0-30,7,二者不搭界,
142,做家务,清理屋,生活,,hint_like_high,70-90,90,非常接近了,
111,斗罗大陆,修炼,动漫,,hint_like_high,70-90,70,包含关系,
44,石像鬼,石像鬼,狼人杀,,same_answer_exact,95-100,100,完全一样,
237,犬夜叉,破魔,动漫,,hint_like_high,70-90,80,易于联想,
229,外星人,未知生命,宇宙,,hint_like_high,70-90,70,联想能力中等,
112,青花瓷,雅致,歌曲,,hint_like_high,70-90,30,字面意思有关联，但前者是歌曲，关联度降低,
131,弓步,稳住,动作,,hint_like_high,70-90,40,字面意思有关联。但很难联系那个动作,
811,披萨,比萨,美食,,near_synonym_high,90,90,异写同词,
826,盘腿,仰卧起坐,动作,,exact_match,98-100,100,完全一致,
423,肉夹馍,烤鱼,美食,,same_category_mid,60-70,30,都是吃的，仅此而已,
395,张杰,王力宏,歌手,,same_category_mid,60-70,40,都是歌手，但关联度不高,
258,幽游白书,战斗,动漫,,hint_like_high,70-90,50,后者范围较广,
676,风之谷,鞠躬,动漫,,cross_category_low,0-30,7,二者不搭界,
243,京剧,国粹舞台,文化,,hint_like_high,70-90,80,关联度较高,
305,塔防,视角,游戏,,same_category_mid,60-70,20,二者关联度低,
872,超新星,超新星,宇宙,,exact_match,98-100,100,完全一致,
500,井水不犯,秀才遇鬼,歇后语,,same_category_mid,60-70,30,都是歇后语，但关联度不高,
137,完璧归赵,巧辩,典故,,hint_like_high,70-90,20,关联度不高,
834,解答,解答,学习,,exact_match,98-100,100,完全一致,
256,望梅止渴,想象安慰,典故,,hint_like_high,70-90,50,后者范围较广,
876,考试,考试,学习,,exact_match,98-100,100,完全一致,
114,盘腿,坐定,动作,,hint_like_high,70-90,70,字面意思有关联系,
815,跑步,奔跑,锚点词,,near_synonym_high,90,90,动作近义,
202,对齐,同步目标,工作,,hint_like_high,70-90,90,联想度高,
791,越剧,委屈,文化,,nonsense_low,0-20,2,毫无关联,
693,排期,草堂,工作,,nonsense_low,0-20,2,毫无关联,
178,秃子头上,无遮无掩,歇后语,,hint_like_high,70-90,70,字面意思接近,
770,七夕,软糯,节日,,nonsense_low,0-20,2,毫无关联,
884,坦诚,真心话,情感,,near_synonym_high,80-92,90,答案提示词（需人工复核）,
839,释怀,释怀,情感,,exact_match,98-100,100,完全一致,
53,抬头,抬头,动作,,same_answer_exact,95-100,100,完全一样,
644,欣慰,经济,感情,,cross_category_low,0-30,7,二者不搭界,
50,安检,安检,旅游,,same_answer_exact,95-100,100,完全一样,
928,擀面杖吹火,圣斗士,歇后语,,hard_negative_low,0-20,2,跨类无关（需人工复核）,
803,小猫,猫,锚点词,,alias_synonym_high,88-96,90,口语近义,
390,王安石,李时珍,人物,,same_category_mid,60-70,40,都是历史人物，但关联度不高,
385,连击,教程,游戏,,same_category_mid,60-70,20,都是游戏活动，但关联度不高,
102,露营,搭帐篷,旅游,,hint_like_high,70-90,70,露营包含搭帐篷,
15,盘古,盘古,神话,,same_answer_exact,95-100,100,完全一样,
598,汉堡,京剧,美食,,cross_category_low,0-30,7,二者不搭界,
626,地球,体面,宇宙,,cross_category_low,0-30,7,二者不搭界,
709,祭司,热乎,狼人杀,,nonsense_low,0-20,2,毫无关联,
452,白泽,鲲鹏,神话,,same_category_mid,60-70,60,都是神话，但关联度不高,
242,实验,现象观察,学习,,hint_like_high,70-90,80,关联度较高,
624,青之驱魔师,凿壁借光,动漫,,cross_category_low,0-30,7,二者不搭界,
396,森林,草甸,风景,,same_category_mid,60-70,30,都是风景，但关联度不高,
602,粽子,对牛弹琴,美食,,cross_category_low,0-30,7,二者不搭界,
310,超新星,轨道,宇宙,,same_category_mid,60-70,20,二者关联度低,
862,测验,测验,学习,,exact_match,98-100,100,完全一致,
96,背水一战,退无可退,典故,,hint_like_high,70-90,80,环境相同,
753,骑士,口述,狼人杀,,nonsense_low,0-20,2,毫无关联,
198,三顾茅庐,反复邀请,典故,,hint_like_high,70-90,80,关联度较高,
707,考试,鬼怪装,学习,,nonsense_low,0-20,2,毫无关联,
14,探图,探图,游戏,,same_answer_exact,95-100,100,完全一样,
185,挟天子,掌控象征,典故,,hint_like_high,70-90,50,接近但不高,
164,光年,测天距,宇宙,,hint_like_high,70-90,90,很接近,
269,刺客伍六七,任务,动漫,,hint_like_high,70-90,50,后者范围较广,
480,平静,冷淡,情感,,same_category_mid,60-70,30,都是情感，但关联度不高,
320,夜色,海岸,风景,,same_category_mid,60-70,20,关联度低,
788,滥竽充数,复活,成语,,nonsense_low,0-20,2,毫无关联,
665,亡羊补牢,上课,成语,,cross_category_low,0-30,7,二者不搭界,
200,评弹,书场表演,文化,,hint_like_high,70-90,90,很接近,
18,趁热打铁,趁热打铁,成语,,same_answer_exact,95-100,100,完全一样,
372,拍照,行李,旅游,,same_category_mid,60-70,20,语义不同,
587,银河,焦虑,宇宙,,cross_category_low,0-30,7,二者不搭界,
277,逛馆,展品,旅游,,hint_like_high,70-90,60,关联度够了，但是二者词性不同,
899,蚩尤,露台,神话,,hard_negative_low,0-20,2,跨类无关（需人工复核）,
219,老子,函谷关,人物,,hint_like_high,70-90,80,后者易于联想到前者,
588,小雪,舞狮,节日,,cross_category_low,0-30,7,二者不搭界,
536,夏目友人帐,火箭,动漫,,cross_category_low,0-30,5,二者不搭界,
209,黄鼠狼拜年,暗藏坏心,歇后语,,hint_like_high,70-90,80,相似度较高,
165,掉线,连接断,游戏,,hint_like_high,70-90,80,关联度较高,
336,技能,策略,游戏,,same_category_mid,60-70,20,关联度低,
67,收拾,收拾,生活,,same_answer_exact,95-100,100,完全一样,
267,后来我们,感慨,歌曲,,hint_like_high,70-90,50,后者范围较广,
87,鸡犬升天,沾光跟着,歇后语,,hint_like_high,70-90,80,意思接近但后者非歇后语,
496,开心,惬意,感情,,same_category_mid,60-70,70,都是情感，但关联度高,
858,gong,gong,神话,,exact_match,98-100,100,完全一致,
233,修灯,检查线,生活,,hint_like_high,70-90,60,关联度中等,
703,冷淡,国家事,情感,,nonsense_low,0-20,2,毫无关联,
817,思考,思索,锚点词,,near_synonym_high,90,90,动词近义,
427,陨石,星球,宇宙,,same_category_mid,60-70,40,都是宇宙相关，但关联度不高,
927,震惊,望远镜,情感,,hard_negative_low,0-20,2,跨类无关（需人工复核）,
562,值机,安心,旅游,,cross_category_low,0-30,7,二者不搭界,
245,猪八戒照镜,进退失据,歇后语,,hint_like_high,70-90,80,字面意思接近，但后者非歇后语,
909,划点,围魏救赵,学习,,hard_negative_low,0-20,2,跨类无关（需人工复核）,
637,潜狼,瞎子点灯,狼人杀,,cross_category_low,0-30,7,二者不搭界,
414,国画,楹联,文化,,same_category_mid,60-70,40,都是文化，但关联度不高,
883,黑洞,时空扭曲,宇宙,,near_synonym_high,80-92,90,答案提示词（需人工复核）,
851,一人之下,一人之下,动漫,,exact_match,98-100,100,完全一致,
337,麻花,月饼,美食,,same_category_mid,60-70,20,关联度低,
638,秦始皇,烤鸭,人物,,cross_category_low,0-30,7,二者不搭界,
46,先知,先知,狼人杀,,same_answer_exact,95-100,100,完全一样,
246,林俊杰,舞台,歌手,,hint_like_high,70-90,50,后者范围较广,
503,负荆请罪,三令五申,典故,,same_category_mid,60-70,30,都是历史典故，但关联度不高,
533,汤圆,稻田,美食,,cross_category_low,0-30,4,二者不搭界,
714,青花瓷,серд发紧,歌曲,,nonsense_low,0-20,2,毫无关联,
152,管理,执行,学科,,hint_like_high,70-90,50,管理包含执行但后者只是前者的一个方面,
419,张衡,班固,人物,,same_category_mid,60-70,40,都是历史人物，但关联度不高,
30,连麦,连麦,游戏,,same_answer_exact,95-100,100,完全一样,
355,禁锢者,驯熊师,狼人杀,,same_category_mid,60-70,70,都为狼人杀，范围接近,
481,烦闷,依恋,情感,,same_category_mid,60-70,30,都是情感，但关联度不高,
823,一字千金,一字千金,典故,,exact_match,98-100,100,完全一致,
774,弹跳,站边后出手,动作,,nonsense_low,0-20,2,毫无关联,
591,血月使者,茶园,狼人杀,,cross_category_low,0-30,7,二者不搭界,
300,租车,托运,旅游,,same_category_mid,60-70,20,二者关联度低,
634,皮影,春分,文化,,cross_category_low,0-30,7,二者不搭界,
887,宇宙,教程,宇宙,,hard_negative_low,0-20,2,跨类无关（需人工复核）,
523,催办,登顶,工作,,cross_category_low,0-30,10,二者不搭界,
190,秧歌,热闹队伍,文化,,hint_like_high,70-90,60,有关联但不高,
214,购物,比价,生活,,hint_like_high,70-90,60,关联度中等,
180,言叶之庭,治愈,动漫,,hint_like_high,70-90,30,后者是前者的一个情感，但很难联想到前者,
622,篆刻,花海,文化,,cross_category_low,0-30,7,二者不搭界,
97,灯谜,元宵娱乐,文化,,hint_like_high,70-90,70,包含关系,
739,刺客伍六七,烤鸭,动漫,,nonsense_low,0-20,2,毫无关联,
175,闯关,最终战斗,游戏,,hint_like_high,70-90,30,后者表示最后一关，前者并不是特指最后一关，关联度不高,
922,狗咬吕洞宾,忐忑,歇后语,,hard_negative_low,0-20,2,跨类无关（需人工复核）,
210,策略,排兵布阵,游戏,,hint_like_high,70-90,70,后者属于前者一种,
216,小行星,多碎石,宇宙,,hint_like_high,70-90,50,后者范围较广,
702,极光,函谷关,风景,,nonsense_low,0-20,2,毫无关联,
731,公会,语言技巧,游戏,,nonsense_low,0-20,2,毫无关联,
223,龙舟,长形船体,文化,,hint_like_high,70-90,50,后者范围较广,
236,潜伏,等时机,动作,,hint_like_high,70-90,80,关联度较高,
140,凿壁借光,夜读无灯,典故,,hint_like_high,70-90,85,后者为解释,
487,千与千寻,命运之夜,动漫,,same_category_mid,60-70,50,关联度中等,
115,漫步,巷子穿行,旅游,,hint_like_high,70-90,50,关联度中等,
910,陶瓷,推挡,文化,,hard_negative_low,0-20,2,跨类无关（需人工复核）,
275,盘瓠,犬神,神话,,hint_like_high,70-90,70,同类型,
921,画地为牢,迷茫,成语,,hard_negative_low,0-20,2,跨类无关（需人工复核）,
822,李白,披萨,人物,,hard_negative_low,0-20,2,跨域无关,
377,理发,做饭,生活,,same_category_mid,60-70,20,都是生活活动，但关联度不高,
8,王安石,王安石,人物,,same_answer_exact,95-100,100,完全一样,
410,后来,告白气球,歌曲,,same_category_mid,60-70,60,关联度中等,
619,退避三舍,光年,典故,,cross_category_low,0-30,7,二者不搭界,
297,寿司,粽子,美食,,same_category_mid,60-70,50,种类相同，词义不够接近,
767,挥拳,连线图,动作,,nonsense_low,0-20,2,毫无关联,
450,划点,提问,学习,,same_category_mid,60-70,20,语义不同,
208,百发百中,手感准,成语,,hint_like_high,70-90,70,字面意思接近,
384,夏目友人帐,秦时明月,动漫,,same_category_mid,60-70,50,均为动漫，语义不同,
613,记忆,流星雨,学习,,cross_category_low,0-30,7,二者不搭界,
433,雨水,处暑,节日,,same_category_mid,60-70,30,都是节日，但关联度不高,
467,拍景,看展,旅游,,same_category_mid,60-70,20,语义不同,
79,杯水车薪,杯水车薪,歇后语,,same_answer_exact,95-100,100,完全一样,
119,重阳,菊花酒,节日,,hint_like_high,70-90,70,重阳节有喝菊花酒的习俗,
135,视角,镜头位置,游戏,,hint_like_high,70-90,80,词义上接近，但后者只是前者的一个方面,
339,植物,生态,学科,,same_category_mid,60-70,40,关联度中等,
720,朱雀,清风穿行,神话,,nonsense_low,0-20,2,毫无关联,
16,白露,白露,节日,,same_answer_exact,95-100,100,完全一样,
218,卧冰求鲤,寒冷之举,典故,,hint_like_high,70-90,70,字面意思接近,
351,面条,三明治,美食,,same_category_mid,60-70,30,都是吃的，仅此而已,
100,麻雀虽小,不缺要素,歇后语,,hint_like_high,70-90,80,内容接近,
420,丢垃圾,搬家,生活,,same_category_mid,60-70,20,语义不同,
828,自检,自检,工作,,exact_match,98-100,100,完全一致,
312,楹联,相声,文化,,same_category_mid,60-70,50,种类相同,
511,月食,流星雨,宇宙,,same_category_mid,60-70,40,都是宇宙相关，但关联度不高,
449,镇魂街,名侦探柯南,动漫,,same_category_mid,60-70,50,关联度中等,
39,整理,整理,学习,,same_answer_exact,95-100,100,完全一样,
841,借刀杀人,借刀杀人,典故,,exact_match,98-100,100,完全一致,
801,狗狗,狗,锚点词,,alias_synonym_high,90-98,90,昵称与本词,
340,烤鱼,粥品,美食,,same_category_mid,60-70,30,都是吃的，仅此而已,
88,草船借箭,计谋,典故,,hint_like_high,70-90,70,后者包含前者,
635,张杰,答辩,歌手,,cross_category_low,0-30,7,二者不搭界,
249,激动,兴奋,感情,,hint_like_high,70-90,70,近义词,
614,三明治,卧薪尝胆,美食,,cross_category_low,0-30,7,二者不搭界,
138,踮脚,前掌起,动作,,hint_like_high,70-90,40,字面意思有关联，但很难联系那个动作,
285,彩陶,评弹,文化,,same_category_mid,60-70,30,种类虽相同，但词义相差甚远,
509,潜伏,滑行,动作,,same_category_mid,60-70,20,语义不同,
925,杨戬,儿童节,神话,,hard_negative_low,0-20,2,跨类无关（需人工复核）,
846,羞愧,羞愧,感情,,exact_match,98-100,100,完全一致,
363,雨水,谷雨,节日,,same_category_mid,60-70,60,有字相同,
447,鲛人,麒麟,神话,,same_category_mid,60-70,60,都是神话，但关联度不高,
781,黔驴技穷,选题,典故,,nonsense_low,0-20,2,毫无关联,
221,幽游白书,伙伴,动漫,,hint_like_high,70-90,50,后者范围较广,
352,火锅,咖喱,美食,,same_category_mid,60-70,30,都是吃的，仅此而已,
446,河伯,神农,神话,,same_category_mid,60-70,60,都是神话，但关联度不高,
346,温柔,感动,情感,,same_category_mid,60-70,30,关联度底,
878,兴奋,兴奋,感情,,exact_match,98-100,100,完全一致,
313,伸展,俯卧,动作,,same_category_mid,60-70,50,动作类型相似,
920,离职,转机,工作,,hard_negative_low,0-20,2,跨类无关（需人工复核）,
3,委屈,委屈,感情,,same_answer_exact,95-100,100,完全一样,
734,嫉妒,规整,感情,,nonsense_low,0-20,2,毫无关联,
388,杨千嬅,林俊杰,歌手,,same_category_mid,60-70,40,都是歌手，但关联度不高,
40,守墓人,守墓人,狼人杀,,same_answer_exact,95-100,100,完全一样,
376,豆花,火锅,美食,,same_category_mid,60-70,30,都是吃的，仅此而已,
183,山谷,底部冲刷,风景,,hint_like_high,70-90,50,底部接近，冲刷联想过弱,
459,完璧归赵,退避三舍,典故,,same_category_mid,60-70,30,都是历史典故，但关联度不高,
561,写作,石桥,学习,,cross_category_low,0-30,7,二者不搭界,
726,船到桥头,剑术,歇后语,,nonsense_low,0-20,2,毫无关联,
512,懊悔,自豪,感情,,same_category_mid,60-70,30,都是情感，但关联度不高,
540,离职,冬至,工作,,cross_category_low,0-30,3,二者不搭界,
292,魔女宅急便,进击的巨人,动漫,,same_category_mid,60-70,60,种类相同,
867,篆书,篆书,文化,,exact_match,98-100,100,完全一致,
882,狼狈为奸,一起干坏,成语,,near_synonym_high,80-92,90,答案提示词（需人工复核）,
212,挤压,缩体积,动作,,hint_like_high,70-90,70,后者过于口语化,
482,抬头,点头,动作,,same_category_mid,60-70,20,语义不同,
569,火锅,按部就班,美食,,cross_category_low,0-30,7,二者不搭界,
919,一拳超人,失望,动漫,,hard_negative_low,0-20,2,跨类无关（需人工复核）,
717,听课,高处直冲,学习,,nonsense_low,0-20,2,毫无关联,
542,拉怪,以卵击石,游戏,,cross_category_low,0-30,5,二者不搭界,
172,三顾茅庐,求才若渴,典故,,hint_like_high,70-90,70,字面意思接近,
42,皮肤,皮肤,游戏,,same_answer_exact,95-100,100,完全一样,
406,孤寂,无奈,情感,,same_category_mid,60-70,30,语义不同,
335,默写,预读,学习,,same_category_mid,60-70,20,关联度低,
473,按部就班,画地为牢,成语,,same_category_mid,60-70,30,都是成语，但关联度不高,
783,忐忑,群起围堵,感情,,nonsense_low,0-20,2,毫无关联,
465,青之驱魔师,铃芽之旅,动漫,,same_category_mid,60-70,50,关联度中等,
650,欣赏,小年,情感,,cross_category_low,0-30,7,二者不搭界,
528,李白,混血儿,人物,,cross_category_low,0-30,10,二者不搭界,
116,入职,报到登记,工作,,hint_like_high,70-90,80,关联度较高，报到登记是入职的一个重要环节,
188,篆书,字形古雅,文化,,hint_like_high,70-90,70,包含,
718,挥手,仙桃宴,动作,,nonsense_low,0-20,2,毫无关联,
195,海洋,潮汐,学科,,hint_like_high,70-90,70,关联度中等,
86,湖泊,群山环抱,风景,,hint_like_high,70-90,30,群山环抱的未必是湖泊,
527,复述,翻滚,学习,,cross_category_low,0-30,7,二者不搭界,
369,收拾,租房,生活,,same_category_mid,60-70,20,语义不同,
45,拍照,拍照,旅游,,same_answer_exact,95-100,100,完全一样,
412,心酸,释怀,情感,,same_category_mid,60-70,30,语义不同,
107,阅读,看文字,学习,,hint_like_high,70-90,60,阅读包含看文字,
568,相柳,邓紫棋,神话,,cross_category_low,0-30,7,二者不搭界,
17,化学,化学,学科,,same_answer_exact,95-100,100,完全一样,
59,出境,出境,旅游,,same_answer_exact,95-100,100,完全一样,
201,名不副实,华而无用,成语,,hint_like_high,70-90,70,字面意思接近,
373,通话,理财,生活,,same_category_mid,60-70,20,语义不同,
124,教育,师生,学科,,hint_like_high,70-90,50,教育包含师生但后者只是前者的一个方面,
266,卧冰求鲤,故事流传,典故,,hint_like_high,70-90,50,后者范围较广,
900,麻辣烫,杨千嬅,美食,,hard_negative_low,0-20,2,跨类无关（需人工复核）,
657,喜悦,樱花,情感,,cross_category_low,0-30,7,二者不搭界,
758,自检,打包,工作,,nonsense_low,0-20,2,毫无关联,
541,方案,剪纸,工作,,cross_category_low,0-30,4,二者不搭界,
908,万圣节,法学,节日,,hard_negative_low,0-20,2,跨类无关（需人工复核）,
213,刷牙,早晚做,生活,,hint_like_high,70-90,50,后者范围较广,
409,烦闷,心酸,情感,,same_category_mid,60-70,30,语义不同,
903,林间,攻略,风景,,hard_negative_low,0-20,2,跨类无关（需人工复核）,
643,自相矛盾,拿鸡毛,成语,,cross_category_low,0-30,7,二者不搭界,
668,重阳,鲲鹏,节日,,cross_category_low,0-30,7,二者不搭界,
162,提问,澄清疑惑,学习,,hint_like_high,70-90,50,行为不同,
344,夜曲,平凡之路,歌曲,,same_category_mid,60-70,40,猜不到,
358,起床,通话,生活,,same_category_mid,60-70,20,二者不搭界,
120,迈步,移动,动作,,hint_like_high,70-90,65,迈步确实会产生移动,
389,拍照,泡汤,旅游,,same_category_mid,60-70,20,语义不同,
485,语文,地质,学科,,same_category_mid,60-70,40,都是学科，但关联度不高,
552,纸上谈兵,期待,典故,,cross_category_low,0-30,7,二者不搭界,
368,哲学,心理,学科,,same_category_mid,60-70,20,语义不同,
145,班固,史书,人物,,hint_like_high,70-90,80,后者为事迹，但不单属于前者,
578,做梦,存档,生活,,cross_category_low,0-30,7,二者不搭界,
28,哪吒,哪吒,神话,,same_answer_exact,95-100,100,完全一样,
641,鸡犬升天,郁闷,歇后语,,cross_category_low,0-30,7,二者不搭界,
901,狗咬吕洞宾,值机,歇后语,,hard_negative_low,0-20,2,跨类无关（需人工复核）,
773,小暑,武林,节日,,nonsense_low,0-20,2,毫无关联,
227,计算,编码开发,学科,,hint_like_high,70-90,60,关联度中等,
9,数码宝贝,数码宝贝,动漫,,same_answer_exact,95-100,100,完全一样,
580,苏轼,抬头,人物,,cross_category_low,0-30,7,二者不搭界,
207,伸展,舒缓紧绷,动作,,hint_like_high,70-90,60,关联度中等,
404,花田,夜色,风景,,same_category_mid,60-70,30,都是风景，但关联度不高,
789,惆怅,防带走,感情,,nonsense_low,0-20,2,毫无关联,
51,邮轮,邮轮,旅游,,same_answer_exact,95-100,100,完全一样,
338,天王星,海王星,宇宙,,same_category_mid,60-70,70,关联度较高,
762,顺水推舟,全力冲,成语,,nonsense_low,0-20,2,毫无关联,
110,诸葛亮,出师表,人物,,hint_like_high,70-90,95,出师表直接能联想到诸葛亮,
875,嫦娥,嫦娥,神话,,exact_match,98-100,100,完全一致,
