id,answer,user_input,answer_category,input_category_guess,relation_tag,expected_range,score_0_100,reason,reviewer
758,沙拉,近乎无物,美食,,nonsense_low,0-20,2,毫无关联,
643,负荆请罪,推挡,典故,,cross_category_low,0-30,7,二者不搭界,
687,害怕,起风了,感情,,nonsense_low,0-20,2,毫无关联,
266,卧冰求鲤,故事流传,典故,,hint_like_high,70-90,50,后者范围较广,
111,斗罗大陆,修炼,动漫,,hint_like_high,70-90,70,包含关系,
150,策略,博弈思考,游戏,,hint_like_high,70-90,50,关联度中等,
234,相声,包袱连连,文化,,hint_like_high,70-90,80,关联度较高,
100,麻雀虽小,不缺要素,歇后语,,hint_like_high,70-90,80,内容接近,
547,里程碑,太阳系,工作,,cross_category_low,0-30,7,二者不搭界,
511,月食,流星雨,宇宙,,same_category_mid,60-70,40,都是宇宙相关，但关联度不高,
756,元宵,绿垄,节日,,nonsense_low,0-20,2,毫无关联,
521,惬意,草船借箭,感情,,cross_category_low,0-30,20,语义不同,
512,懊悔,自豪,感情,,same_category_mid,60-70,30,都是情感，但关联度不高,
545,晚睡,小行星,生活,,cross_category_low,0-30,5,二者不搭界,
657,肉夹馍,越剧,美食,,cross_category_low,0-30,7,二者不搭界,
774,小暑,武林,节日,,nonsense_low,0-20,2,毫无关联,
505,狐妖小红娘,银魂,动漫,,same_category_mid,60-70,50,关联度中等,
190,秧歌,热闹队伍,文化,,hint_like_high,70-90,60,有关联但不高,
351,面条,三明治,美食,,same_category_mid,60-70,30,都是吃的，仅此而已,
338,天王星,海王星,宇宙,,same_category_mid,60-70,70,关联度较高,
432,对牛弹琴,掩耳盗铃,成语,,same_category_mid,60-70,30,都是成语，但关联度不高,
664,拉怪,伸手,游戏,,cross_category_low,0-30,7,二者不搭界,
510,越剧,纸鸢,文化,,same_category_mid,60-70,40,都是历史文化，但关联度不高,
755,手柄,大禹,游戏,,nonsense_low,0-20,2,毫无关联,
119,重阳,菊花酒,节日,,hint_like_high,70-90,70,重阳节有喝菊花酒的习俗,
431,相柳,刑天,神话,,same_category_mid,60-70,40,都是神话，但关联度不高,
307,大禹,盘瓠,神话,,same_category_mid,60-70,30,二者关联度低,
227,计算,编码开发,学科,,hint_like_high,70-90,60,关联度中等,
258,幽游白书,战斗,动漫,,hint_like_high,70-90,50,后者范围较广,
683,果汁,判定,美食,,nonsense_low,0-20,2,毫无关联,
269,刺客伍六七,任务,动漫,,hint_like_high,70-90,50,后者范围较广,
443,猎魔人,机械狼,狼人杀,,same_category_mid,60-70,70,都为狼人杀，范围接近,
124,教育,师生,学科,,hint_like_high,70-90,50,教育包含师生但后者只是前者的一个方面,
711,听课,守岁,学习,,nonsense_low,0-20,2,毫无关联,
705,释怀,化形,情感,,nonsense_low,0-20,2,毫无关联,
421,草原,林间,风景,,same_category_mid,60-70,30,都是风景，但关联度不高,
712,父亲节,任务,节日,,nonsense_low,0-20,2,毫无关联,
557,守卫,午休,狼人杀,,cross_category_low,0-30,7,二者不搭界,
158,立冬,寒意重,节日,,hint_like_high,70-90,90,关联度较高,
610,稻香,网球王子,歌曲,,cross_category_low,0-30,7,二者不搭界,
5,陈奕迅,陈奕迅,歌手,,same_answer_exact,95-100,100,完全一样,
390,王安石,李时珍,人物,,same_category_mid,60-70,40,都是历史人物，但关联度不高,
145,班固,史书,人物,,hint_like_high,70-90,80,后者为事迹，但不单属于前者,
520,远程,离职,工作,,same_category_mid,60-70,40,都是工作，但关联度不高,
300,租车,托运,旅游,,same_category_mid,60-70,20,二者关联度低,
771,七夕,软糯,节日,,nonsense_low,0-20,2,毫无关联,
137,完璧归赵,巧辩,典故,,hint_like_high,70-90,20,关联度不高,
789,滥竽充数,复活,成语,,nonsense_low,0-20,2,毫无关联,
562,写作,石桥,学习,,cross_category_low,0-30,7,二者不搭界,
393,愤怒,烦躁,感情,,same_category_mid,60-70,30,语义不同,
713,霜降,侠客,节日,,nonsense_low,0-20,2,毫无关联,
333,毛遂自荐,单刀赴会,典故,,same_category_mid,60-70,20,关联度低,
169,计算,代码实现,学科,,hint_like_high,70-90,30,关联度不高,
135,视角,镜头位置,游戏,,hint_like_high,70-90,80,词义上接近，但后者只是前者的一个方面,
723,做家务,得意,生活,,nonsense_low,0-20,2,毫无关联,
489,单刀赴会,悬梁刺股,典故,,same_category_mid,60-70,30,都是历史典故，但关联度不高,
284,同舟共济,锦上添花,成语,,same_category_mid,60-70,60,种类相同，但意义不同,
102,露营,搭帐篷,旅游,,hint_like_high,70-90,70,露营包含搭帐篷,
148,三令五申,反复说明,典故,,hint_like_high,70-90,80,关联度较高,
47,迈步,迈步,动作,,same_answer_exact,95-100,100,完全一样,
589,小雪,舞狮,节日,,cross_category_low,0-30,7,二者不搭界,
546,seitai,点头,神话,,cross_category_low,0-30,6,二者不搭界,
554,林黛玉,挟天子,人物,,cross_category_low,0-30,7,二者不搭界,
25,集章,集章,旅游,,same_answer_exact,95-100,100,完全一样,
185,挟天子,掌控象征,典故,,hint_like_high,70-90,50,接近但不高,
792,越剧,委屈,文化,,nonsense_low,0-20,2,毫无关联,
615,三明治,卧薪尝胆,美食,,cross_category_low,0-30,7,二者不搭界,
316,熬夜,网购,生活,,same_category_mid,60-70,20,关联度低,
249,激动,兴奋,感情,,hint_like_high,70-90,70,近义词,
744,天气之子,弯膝下沉,动漫,,nonsense_low,0-20,2,毫无关联,
733,害怕,翻书找页,感情,,nonsense_low,0-20,2,毫无关联,
560,立冬,后来,节日,,cross_category_low,0-30,7,二者不搭界,
400,塔防,手柄,游戏,,same_category_mid,60-70,30,都是游戏，但关联度不高,
419,张衡,班固,人物,,same_category_mid,60-70,40,都是历史人物，但关联度不高,
67,收拾,收拾,生活,,same_answer_exact,95-100,100,完全一样,
288,理发,淋浴,生活,,same_category_mid,60-70,10,完全猜不到,
740,刺客伍六七,烤鸭,动漫,,nonsense_low,0-20,2,毫无关联,
425,煎饼,甜品,美食,,same_category_mid,60-70,30,都是吃的，仅此而已,
481,烦闷,依恋,情感,,same_category_mid,60-70,30,都是情感，但关联度不高,
641,酸辣粉,全职猎人,美食,,cross_category_low,0-30,7,二者不搭界,
9,数码宝贝,数码宝贝,动漫,,same_answer_exact,95-100,100,完全一样,
353,风之谷,龙猫,动漫,,same_category_mid,60-70,40,关联度中等,
214,购物,比价,生活,,hint_like_high,70-90,60,关联度中等,
731,排球少年,熬到很晚,动漫,,nonsense_low,0-20,2,毫无关联,
785,蔡依林,发呆,歌手,,nonsense_low,0-20,2,毫无关联,
162,提问,澄清疑惑,学习,,hint_like_high,70-90,50,行为不同,
429,读书,通风,生活,,same_category_mid,60-70,20,语义不同,
714,哲学,稳定性,学科,,nonsense_low,0-20,2,毫无关联,
118,处暑,热退去,节日,,hint_like_high,70-90,60,对处暑的解释,
218,卧冰求鲤,寒冷之举,典故,,hint_like_high,70-90,70,字面意思接近,
423,肉夹馍,烤鱼,美食,,same_category_mid,60-70,30,都是吃的，仅此而已,
45,拍照,拍照,旅游,,same_answer_exact,95-100,100,完全一样,
558,美术,骑士,学科,,cross_category_low,0-30,7,二者不搭界,
496,开心,惬意,感情,,same_category_mid,60-70,70,都是情感，但关联度高,
463,相柳,西王母,神话,,same_category_mid,60-70,40,都是神话，但关联度不高,
114,盘腿,坐定,动作,,hint_like_high,70-90,70,字面意思有关联系,
210,策略,排兵布阵,游戏,,hint_like_high,70-90,70,后者属于前者一种,
246,林俊杰,舞台,歌手,,hint_like_high,70-90,50,后者范围较广,
411,看展,坐船,旅游,,same_category_mid,60-70,20,语义不同,
569,相柳,邓紫棋,神话,,cross_category_low,0-30,7,二者不搭界,
663,图穷匕见,连击,典故,,cross_category_low,0-30,7,二者不搭界,
14,探图,探图,游戏,,same_answer_exact,95-100,100,完全一样,
725,狼骑士,徒劳幻想,狼人杀,,nonsense_low,0-20,2,毫无关联,
212,挤压,缩体积,动作,,hint_like_high,70-90,70,后者过于口语化,
680,惊蛰,轮岗,节日,,cross_category_low,0-30,7,二者不搭界,
444,惆怅,惬意,情感,,same_category_mid,60-70,30,语义不同,
689,评弹,降雨量,文化,,nonsense_low,0-20,2,毫无关联,
488,羡慕,惊讶,感情,,same_category_mid,60-70,30,都是情感，但关联度不高,
509,潜伏,滑行,动作,,same_category_mid,60-70,20,语义不同,
766,数学,粽香,学科,,nonsense_low,0-20,2,毫无关联,
183,山谷,底部冲刷,风景,,hint_like_high,70-90,50,底部接近，冲刷联想过弱,
528,李白,混血儿,人物,,cross_category_low,0-30,10,二者不搭界,
607,关羽,盲人摸象,人物,,cross_category_low,0-30,7,二者不搭界,
688,触龙说赵,祭灶,典故,,nonsense_low,0-20,2,毫无关联,
454,交接,自检,工作,,same_category_mid,60-70,20,语义不同,
726,植物,无顾虑,学科,,nonsense_low,0-20,2,毫无关联,
159,泡汤,室外池边,旅游,,hint_like_high,70-90,60,后者范围有点大,
94,挥手,抬前臂,动作,,hint_like_high,70-90,90,意思接近,
278,塔防,资源分配,游戏,,hint_like_high,70-90,50,后者范围较广,
256,望梅止渴,想象安慰,典故,,hint_like_high,70-90,50,后者范围较广,
275,盘瓠,犬神,神话,,hint_like_high,70-90,70,同类型,
651,欣赏,小年,情感,,cross_category_low,0-30,7,二者不搭界,
115,漫步,巷子穿行,旅游,,hint_like_high,70-90,50,关联度中等,
507,妖精尾巴,喜羊羊,动漫,,same_category_mid,60-70,50,关联度中等,
192,画地为牢,自我束缚,成语,,hint_like_high,70-90,80,关联度较高,
604,螺蛳粉,冬至,美食,,cross_category_low,0-30,7,二者不搭界,
240,大暑,找阴凉,节日,,hint_like_high,70-90,70,字面意思接近,
216,小行星,多碎石,宇宙,,hint_like_high,70-90,50,后者范围较广,
75,走位,走位,游戏,,same_answer_exact,95-100,100,完全一样,
396,森林,草甸,风景,,same_category_mid,60-70,30,都是风景，但关联度不高,
84,美少女战士,变身,动漫,,hint_like_high,70-90,40,变身只是美少女战士的一个元素,
76,盲人摸象,盲人摸象,成语,,same_answer_exact,95-100,100,完全一样,
202,对齐,同步目标,工作,,hint_like_high,70-90,90,联想度高,
435,夜曲,晴天,歌曲,,same_category_mid,60-70,60,关联度中等,
344,夜曲,平凡之路,歌曲,,same_category_mid,60-70,40,猜不到,
257,依恋,想靠近,情感,,hint_like_high,70-90,50,后者范围较广,
753,排查,校准方向,工作,,nonsense_low,0-20,2,毫无关联,
519,解谜,升级,游戏,,same_category_mid,60-70,40,都是游戏，但关联度不高,
418,陈奕迅,李荣浩,歌手,,same_category_mid,60-70,40,都是歌手，但关联度不高,
549,对齐,瞎子点灯,工作,,cross_category_low,0-30,4,二者不搭界,
44,石像鬼,石像鬼,狼人杀,,same_answer_exact,95-100,100,完全一样,
101,小葱拌豆腐,清清楚楚,歇后语,,hint_like_high,70-90,50,后者非歇后语,
768,挥拳,连线图,动作,,nonsense_low,0-20,2,毫无关联,
352,火锅,咖喱,美食,,same_category_mid,60-70,30,都是吃的，仅此而已,
32,小溪,小溪,风景,,same_answer_exact,95-100,100,完全一样,
571,视角,烤鸭,游戏,,cross_category_low,0-30,7,二者不搭界,
590,苏轼,居安思危,人物,,cross_category_low,0-30,7,二者不搭界,
33,弹跳,弹跳,动作,,same_answer_exact,95-100,100,完全一样,
222,早起,先洗漱,生活,,hint_like_high,70-90,60,关联度中等,
28,哪吒,哪吒,神话,,same_answer_exact,95-100,100,完全一样,
49,刻舟求剑,刻舟求剑,歇后语,,same_answer_exact,95-100,100,完全一样,
591,祖冲之,讨论,人物,,cross_category_low,0-30,7,二者不搭界,
428,八面玲珑,杯弓蛇影,成语,,same_category_mid,60-70,30,都是成语，但关联度不高,
171,周深,治愈,歌手,,hint_like_high,70-90,10,不搭界，周深没唱过治愈,
457,行星,超新星,宇宙,,same_category_mid,60-70,40,都是宇宙相关，但关联度不高,
722,孤寂,路线阻挡,情感,,nonsense_low,0-20,2,毫无关联,
313,伸展,俯卧,动作,,same_category_mid,60-70,50,动作类型相似,
281,失落,伤心,感情,,same_category_mid,60-70,80,词义接近,
439,画龙点睛,画地为牢,成语,,same_category_mid,60-70,30,都是成语，但关联度不高,
452,白泽,鲲鹏,神话,,same_category_mid,60-70,60,都是神话，但关联度不高,
636,张杰,答辩,歌手,,cross_category_low,0-30,7,二者不搭界,
213,刷牙,早晚做,生活,,hint_like_high,70-90,50,后者范围较广,
485,语文,地质,学科,,same_category_mid,60-70,40,都是学科，但关联度不高,
693,圣诞,虚惊一场,节日,,nonsense_low,0-20,2,毫无关联,
63,灵笼,灵笼,动漫,,same_answer_exact,95-100,100,完全一样,
480,平静,冷淡,情感,,same_category_mid,60-70,30,都是情感，但关联度不高,
796,香道,挂起来,文化,,nonsense_low,0-20,2,毫无关联,
358,起床,通话,生活,,same_category_mid,60-70,20,二者不搭界,
550,签证,指鹿为马,旅游,,cross_category_low,0-30,4,都是旅游，但关联度不高,
500,井水不犯,秀才遇鬼,歇后语,,same_category_mid,60-70,30,都是歇后语，但关联度不高,
251,镇魂街,战斗,动漫,,hint_like_high,70-90,50,后者范围较广,
602,上课,不良人,学习,,cross_category_low,0-30,7,二者不搭界,
104,惊喜,猝不及防,情感,,hint_like_high,70-90,40,惊喜包含猝不及防但后者关联度确实不高,
46,先知,先知,狼人杀,,same_answer_exact,95-100,100,完全一样,
552,麻雀虽小,玄女,歇后语,,cross_category_low,0-30,7,二者不搭界,
764,气候,你是猪,学科,,nonsense_low,0-20,2,毫无关联,
503,负荆请罪,三令五申,典故,,same_category_mid,60-70,30,都是历史典故，但关联度不高,
376,豆花,火锅,美食,,same_category_mid,60-70,30,都是吃的，仅此而已,
219,老子,函谷关,人物,,hint_like_high,70-90,80,后者易于联想到前者,
55,张学友,张学友,歌手,,same_answer_exact,95-100,100,完全一样,
36,需求,需求,工作,,same_answer_exact,95-100,100,完全一样,
471,岳飞,李时珍,人物,,same_category_mid,60-70,40,都是历史人物，但关联度不高,
568,晾晒,亡羊补牢,生活,,cross_category_low,0-30,7,二者不搭界,
388,杨千嬅,林俊杰,歌手,,same_category_mid,60-70,40,都是歌手，但关联度不高,
440,守护神,狼美人,狼人杀,,same_category_mid,60-70,70,都为狼人杀，范围接近,
237,犬夜叉,破魔,动漫,,hint_like_high,70-90,80,易于联想,
273,郁闷,想叹气,情感,,hint_like_high,70-90,80,关联度较高,
311,锦上添花,顺水推舟,成语,,same_category_mid,60-70,20,二者关联度低,
332,收拾,丢垃圾,生活,,same_category_mid,60-70,70,关联度较高,
337,麻花,月饼,美食,,same_category_mid,60-70,20,关联度低,
187,投笔从戎,奔赴战场,典故,,hint_like_high,70-90,70,后者没有描述到投笔的含义,
412,心酸,释怀,情感,,same_category_mid,60-70,30,语义不同,
379,幽游白书,斗破苍穹,动漫,,same_category_mid,60-70,50,均为动漫，语义不同,
207,伸展,舒缓紧绷,动作,,hint_like_high,70-90,60,关联度中等,
660,后来我们,划点,歌曲,,cross_category_low,0-30,7,二者不搭界,
381,死神,全职高手,动漫,,same_category_mid,60-70,50,均为动漫，语义不同,
678,小笼包,禁锢者,美食,,cross_category_low,0-30,7,二者不搭界,
250,拓印,石文摹写,文化,,hint_like_high,70-90,80,关联度较高,
290,井然有序,叶公好龙,成语,,same_category_mid,60-70,20,二者关联度底,
465,青之驱魔师,铃芽之旅,动漫,,same_category_mid,60-70,50,关联度中等,
86,湖泊,群山环抱,风景,,hint_like_high,70-90,30,群山环抱的未必是湖泊,
80,跳跃,跳跃,动作,,same_answer_exact,95-100,100,完全一样,
151,懊悔,自责,感情,,hint_like_high,70-90,80,感情接近,
69,梯田,梯田,风景,,same_answer_exact,95-100,100,完全一样,
420,丢垃圾,搬家,生活,,same_category_mid,60-70,20,语义不同,
157,糖葫芦,冰晶壳,美食,,hint_like_high,70-90,60,外观描述,
206,命运之夜,传说,动漫,,hint_like_high,70-90,40,关联度不高,
297,寿司,粽子,美食,,same_category_mid,60-70,50,种类相同，词义不够接近,
537,暴击,晚睡,游戏,,cross_category_low,0-30,6,二者不搭界,
482,抬头,点头,动作,,same_category_mid,60-70,20,语义不同,
751,杯水车薪,母子转变,歇后语,,nonsense_low,0-20,2,毫无关联,
555,惋惜,铁公鸡,情感,,cross_category_low,0-30,7,二者不搭界,
188,篆书,字形古雅,文化,,hint_like_high,70-90,70,包含,
161,过图,进下关,游戏,,hint_like_high,70-90,60,还是不好猜到,
596,匹配,运动,游戏,,cross_category_low,0-30,7,二者不搭界,
746,猪八戒照镜,执干戚,歇后语,,nonsense_low,0-20,2,毫无关联,
12,日出,日出,风景,,same_answer_exact,95-100,100,完全一样,
700,红豆,轨道群,歌曲,,nonsense_low,0-20,2,毫无关联,
479,戏曲,皮影,文化,,same_category_mid,60-70,40,都是历史文化，但关联度不高,
389,拍照,泡汤,旅游,,same_category_mid,60-70,20,语义不同,
322,古城,云雾,风景,,same_category_mid,60-70,40,关联度低,
254,守夜人,深更出手,狼人杀,,hint_like_high,70-90,50,形容这个身份，但狼人杀术语中不适用,
123,杨戬,神将,神话,,hint_like_high,70-90,60,包含关系,
387,许嵩,邓紫棋,歌手,,same_category_mid,60-70,40,都是歌手，但关联度不高,
790,惆怅,防带走,感情,,nonsense_low,0-20,2,毫无关联,
490,邮轮,看夜景,旅游,,same_category_mid,60-70,40,语义不同,
735,嫉妒,规整,感情,,nonsense_low,0-20,2,毫无关联,
354,小葱拌豆腐,刻舟求剑,歇后语,,same_category_mid,60-70,30,关联度低,
317,云雾,茶园,风景,,same_category_mid,60-70,20,关联度低,
51,邮轮,邮轮,旅游,,same_answer_exact,95-100,100,完全一样,
179,指鹿为马,强词夺理,典故,,hint_like_high,70-90,70,前者具体事件，后者解释而已,
534,命运之夜,山脊,动漫,,cross_category_low,0-30,2,二者不搭界,
574,失望,酸辣粉,感情,,cross_category_low,0-30,7,二者不搭界,
784,忐忑,群起围堵,感情,,nonsense_low,0-20,2,毫无关联,
694,排期,草堂,工作,,nonsense_low,0-20,2,毫无关联,
156,社会,人群,学科,,hint_like_high,70-90,50,关联度中等,
16,白露,白露,节日,,same_answer_exact,95-100,100,完全一样,
301,晴天,平凡之路,歌曲,,same_category_mid,60-70,20,都为歌曲，但联想度很低,
92,白露,地表湿,节日,,hint_like_high,70-90,80,意思接近但后者非节日,
681,订房,亮起来,旅游,,nonsense_low,0-20,2,毫无关联,
516,失落,压抑,感情,,same_category_mid,60-70,60,都是负面情绪,
704,冷淡,国家事,情感,,nonsense_low,0-20,2,毫无关联,
370,郁闷,热切,情感,,same_category_mid,60-70,20,语义不同,
359,落座,踢踏,动作,,same_category_mid,60-70,20,二者不搭界,
409,烦闷,心酸,情感,,same_category_mid,60-70,30,语义不同,
66,加班,加班,工作,,same_answer_exact,95-100,100,完全一样,
567,秃子头上,平和,歇后语,,cross_category_low,0-30,7,二者不搭界,
77,体面,体面,歌曲,,same_answer_exact,95-100,100,完全一样,
410,后来,告白气球,歌曲,,same_category_mid,60-70,60,关联度中等,
20,守夜人,守夜人,狼人杀,,same_answer_exact,95-100,100,完全一样,
473,按部就班,画地为牢,成语,,same_category_mid,60-70,30,都是成语，但关联度不高,
194,跳跃,落地缓冲,动作,,hint_like_high,70-90,60,关联度中等,
501,白虎,玄女,神话,,same_category_mid,60-70,60,都是神话，但关联度不高,
736,画江湖,早晨,动漫,,nonsense_low,0-20,2,毫无关联,
638,潜狼,瞎子点灯,狼人杀,,cross_category_low,0-30,7,二者不搭界,
35,感动,感动,情感,,same_answer_exact,95-100,100,完全一样,
692,气象,卤味,学科,,nonsense_low,0-20,2,毫无关联,
285,彩陶,评弹,文化,,same_category_mid,60-70,30,种类虽相同，但词义相差甚远,
691,借刀杀人,月饼,典故,,nonsense_low,0-20,2,毫无关联,
277,逛馆,展品,旅游,,hint_like_high,70-90,60,关联度够了，但是二者词性不同,
120,迈步,移动,动作,,hint_like_high,70-90,65,迈步确实会产生移动,
668,俯身,午休,动作,,cross_category_low,0-30,7,二者不搭界,
267,后来我们,感慨,歌曲,,hint_like_high,70-90,50,后者范围较广,
362,丢垃圾,通话,生活,,same_category_mid,60-70,10,猜不到的,
570,火锅,按部就班,美食,,cross_category_low,0-30,7,二者不搭界,
15,盘古,盘古,神话,,same_answer_exact,95-100,100,完全一样,
601,白蛇缘起,敬佩,动漫,,cross_category_low,0-30,7,二者不搭界,
504,斗罗大陆,死神,动漫,,same_category_mid,60-70,50,关联度中等,
339,植物,生态,学科,,same_category_mid,60-70,40,关联度中等,
39,整理,整理,学习,,same_answer_exact,95-100,100,完全一样,
168,毛不易,创作,歌手,,hint_like_high,70-90,60,后者范围过大,
122,竹海,风起摇曳,风景,,hint_like_high,70-90,40,风吹过竹子,
669,重阳,鲲鹏,节日,,cross_category_low,0-30,7,二者不搭界,
794,糖葫芦,火属性,美食,,nonsense_low,0-20,2,毫无关联,
622,进击的巨人,听讲,动漫,,cross_category_low,0-30,7,二者不搭界,
793,理发,步行区,生活,,nonsense_low,0-20,2,毫无关联,
126,理发,围布,生活,,hint_like_high,70-90,50,理发包含围布但后者只是前者的一个方面,
363,雨水,谷雨,节日,,same_category_mid,60-70,60,有字相同,
719,挥手,仙桃宴,动作,,nonsense_low,0-20,2,毫无关联,
635,皮影,春分,文化,,cross_category_low,0-30,7,二者不搭界,
6,挑灯夜战,挑灯夜战,成语,,same_answer_exact,95-100,100,完全一样,
708,考试,鬼怪装,学习,,nonsense_low,0-20,2,毫无关联,
195,海洋,潮汐,学科,,hint_like_high,70-90,70,关联度中等,
637,果汁,协同,美食,,cross_category_low,0-30,7,二者不搭界,
346,温柔,感动,情感,,same_category_mid,60-70,30,关联度底,
50,安检,安检,旅游,,same_answer_exact,95-100,100,完全一样,
606,朗读,挤压,学习,,cross_category_low,0-30,7,二者不搭界,
408,网球王子,游戏王,动漫,,same_category_mid,60-70,50,关联度中等,
81,下线,关闭功能,工作,,hint_like_high,70-90,20,下线包含关闭的意思但关联度确实不高,
541,方案,剪纸,工作,,cross_category_low,0-30,4,二者不搭界,
616,做梦,火星,生活,,cross_category_low,0-30,7,二者不搭界,
223,龙舟,长形船体,文化,,hint_like_high,70-90,50,后者范围较广,
406,孤寂,无奈,情感,,same_category_mid,60-70,30,语义不同,
623,篆刻,花海,文化,,cross_category_low,0-30,7,二者不搭界,
619,阅读,骑士,学习,,cross_category_low,0-30,7,二者不搭界,
478,孙悟空,蒲松龄,人物,,same_category_mid,60-70,40,都是历史人物，但关联度不高,
464,背诵,朗读,学习,,same_category_mid,60-70,40,都是学习，但关联度不高,
349,锦上添花,自相矛盾,成语,,same_category_mid,60-70,20,仅为成语，关联度低,
186,工程,土木,学科,,hint_like_high,70-90,90,联想度很高,
328,银魂,魔女宅急便,动漫,,same_category_mid,60-70,50,均为动漫，但猜不到,
770,皮雕,现场呈现,文化,,nonsense_low,0-20,2,毫无关联,
382,归纳,考试,学习,,same_category_mid,60-70,40,都是学习活动，但关联度不高,
769,方案,摘记,工作,,nonsense_low,0-20,2,毫无关联,
685,稻香,攀向高处,歌曲,,nonsense_low,0-20,2,毫无关联,
573,游戏王,农学,动漫,,cross_category_low,0-30,7,二者不搭界,
760,天空之城,怎么猜,动漫,,nonsense_low,0-20,2,毫无关联,
698,司马光,亲切感,人物,,nonsense_low,0-20,2,毫无关联,
624,狗咬吕洞宾,猎魔人,歇后语,,cross_category_low,0-30,7,二者不搭界,
775,弹跳,站边后出手,动作,,nonsense_low,0-20,2,毫无关联,
229,外星人,未知生命,宇宙,,hint_like_high,70-90,70,联想能力中等,
305,塔防,视角,游戏,,same_category_mid,60-70,20,二者关联度低,
172,三顾茅庐,求才若渴,典故,,hint_like_high,70-90,70,字面意思接近,
128,复习,翻旧笔记,学习,,hint_like_high,70-90,80,复习包含翻旧笔记,
631,郑和,鲲鹏,人物,,cross_category_low,0-30,7,二者不搭界,
116,入职,报到登记,工作,,hint_like_high,70-90,80,关联度较高，报到登记是入职的一个重要环节,
617,入职,语文,工作,,cross_category_low,0-30,7,二者不搭界,
85,化学,溶液配比,学科,,hint_like_high,70-90,50,化学包含溶液配比但后者只是前者的一个方面,
605,转机,刺绣,旅游,,cross_category_low,0-30,7,二者不搭界,
776,麒麟,道德经,神话,,nonsense_low,0-20,2,毫无关联,
319,练习,阅读,学习,,same_category_mid,60-70,30,关联度低,
189,梁静茹,情歌,歌手,,hint_like_high,70-90,50,关联度中等,
79,杯水车薪,杯水车薪,歇后语,,same_answer_exact,95-100,100,完全一样,
599,汉堡,京剧,美食,,cross_category_low,0-30,7,二者不搭界,
788,运动,先定规则,生活,,nonsense_low,0-20,2,毫无关联,
83,挑灯夜战,熬到很晚,成语,,hint_like_high,70-90,80,意思接近但后者非成语,
391,麻花,汤圆,美食,,same_category_mid,60-70,30,都是吃的，仅此而已,
540,离职,冬至,工作,,cross_category_low,0-30,3,二者不搭界,
759,自检,打包,工作,,nonsense_low,0-20,2,毫无关联,
170,真挚,情感纯粹,情感,,hint_like_high,70-90,80,关联度较高,
330,欣赏,欣慰,情感,,same_category_mid,60-70,60,有相同的字但意思不对,
177,烧饼,外脆内软,美食,,hint_like_high,70-90,60,后者范围过大,
544,小幸运,俯冲,歌曲,,cross_category_low,0-30,4,二者不搭界,
385,连击,教程,游戏,,same_category_mid,60-70,20,都是游戏活动，但关联度不高,
30,连麦,连麦,游戏,,same_answer_exact,95-100,100,完全一样,
91,银河,亿万恒体,宇宙,,hint_like_high,70-90,80,意思接近但后者非宇宙,
798,远程,不受管束,工作,,nonsense_low,0-20,2,毫无关联,
498,教程,公会,游戏,,same_category_mid,60-70,40,都是游戏，但关联度不高,
377,理发,做饭,生活,,same_category_mid,60-70,20,都是生活活动，但关联度不高,
282,大鱼海棠,天空之城,动漫,,same_category_mid,60-70,70,都为动漫,
483,妖精尾巴,一人之下,动漫,,same_category_mid,60-70,50,关联度中等,
29,露台,露台,旅游,,same_answer_exact,95-100,100,完全一样,
754,骑士,口述,狼人杀,,nonsense_low,0-20,2,毫无关联,
247,诸葛亮,卧龙,人物,,hint_like_high,70-90,99,二者几乎相等,
499,租车,集章,旅游,,same_category_mid,60-70,40,都是旅游，但关联度不高,
248,查阅,检索文献,学习,,hint_like_high,70-90,80,关联度较高,
403,紧张,焦虑,感情,,same_category_mid,60-70,30,语义不同,
239,雷公,神话神,神话,,hint_like_high,70-90,50,后者范围较广,
738,熊出没,牺牲,动漫,,nonsense_low,0-20,2,毫无关联,
677,风之谷,鞠躬,动漫,,cross_category_low,0-30,7,二者不搭界,
383,溪流,稻田,风景,,same_category_mid,60-70,20,都是风景，但关联度不高,
112,青花瓷,雅致,歌曲,,hint_like_high,70-90,30,字面意思有关联，但前者是歌曲，关联度降低,
653,黑洞,惊喜,宇宙,,cross_category_low,0-30,7,二者不搭界,
336,技能,策略,游戏,,same_category_mid,60-70,20,关联度低,
536,夏目友人帐,火箭,动漫,,cross_category_low,0-30,5,二者不搭界,
797,指鹿为马,伎俩耗尽,典故,,nonsense_low,0-20,2,毫无关联,
215,油菜花,一片黄,风景,,hint_like_high,70-90,50,后者范围较广,
166,停下,不再动,动作,,hint_like_high,70-90,80,关联度较高,
59,出境,出境,旅游,,same_answer_exact,95-100,100,完全一样,
243,京剧,国粹舞台,文化,,hint_like_high,70-90,80,关联度较高,
513,木星,火星,宇宙,,same_category_mid,60-70,40,都是宇宙相关，但关联度不高,
48,做作业,做作业,学习,,same_answer_exact,95-100,100,完全一样,
484,图穷匕见,破釜沉舟,典故,,same_category_mid,60-70,30,都是历史典故，但关联度不高,
721,朱雀,清风穿行,神话,,nonsense_low,0-20,2,毫无关联,
37,按兵不动,按兵不动,成语,,same_answer_exact,95-100,100,完全一样,
26,狗咬吕洞宾,狗咬吕洞宾,歇后语,,same_answer_exact,95-100,100,完全一样,
142,做家务,清理屋,生活,,hint_like_high,70-90,90,非常接近了,
208,百发百中,手感准,成语,,hint_like_high,70-90,70,字面意思接近,
472,言叶之庭,画江湖,动漫,,same_category_mid,60-70,40,都是历史人物，但关联度不高,
262,后退,保持距离,动作,,hint_like_high,70-90,70,后者联想度一般，也可联想成为前进,
580,嫉妒,会议,感情,,cross_category_low,0-30,7,二者不搭界,
455,对牛弹琴,画地为牢,成语,,same_category_mid,60-70,30,都是成语，但关联度不高,
295,八面玲珑,同舟共济,成语,,same_category_mid,60-70,20,二者词义关联度低,
225,租房,合同,生活,,hint_like_high,70-90,50,后者范围较广,
441,丢垃圾,洗漱,生活,,same_category_mid,60-70,20,语义不同,
647,忐忑,战绩,感情,,cross_category_low,0-30,7,二者不搭界,
556,喜悦,煎饼,情感,,cross_category_low,0-30,7,二者不搭界,
783,秦时明月,随从群,动漫,,nonsense_low,0-20,2,毫无关联,
523,催办,登顶,工作,,cross_category_low,0-30,10,二者不搭界,
200,评弹,书场表演,文化,,hint_like_high,70-90,90,很接近,
335,默写,预读,学习,,same_category_mid,60-70,20,关联度低,
502,女娲,朱雀,神话,,same_category_mid,60-70,60,都是神话，但关联度不高,
648,邯郸学步,刷牙,典故,,cross_category_low,0-30,7,二者不搭界,
276,戏曲,票友捧场,文化,,hint_like_high,70-90,50,后者范围较广,
82,压抑,郁结,感情,,hint_like_high,70-90,60,都有抑郁的情感色彩但不完全一样,
727,船到桥头,剑术,歇后语,,nonsense_low,0-20,2,毫无关联,
87,鸡犬升天,沾光跟着,歇后语,,hint_like_high,70-90,80,意思接近但后者非歇后语,
43,陨石,陨石,宇宙,,same_answer_exact,95-100,100,完全一样,
644,自相矛盾,拿鸡毛,成语,,cross_category_low,0-30,7,二者不搭界,
542,拉怪,以卵击石,游戏,,cross_category_low,0-30,5,二者不搭界,
198,三顾茅庐,反复邀请,典故,,hint_like_high,70-90,80,关联度较高,
131,弓步,稳住,动作,,hint_like_high,70-90,40,字面意思有关联。但很难联系那个动作,
666,亡羊补牢,上课,成语,,cross_category_low,0-30,7,二者不搭界,
446,河伯,神农,神话,,same_category_mid,60-70,60,都是神话，但关联度不高,
164,光年,测天距,宇宙,,hint_like_high,70-90,90,很接近,
253,狼美人,绑线,狼人杀,,hint_like_high,70-90,20,连人更合适，绑线狼人杀没听说,
487,千与千寻,命运之夜,动漫,,same_category_mid,60-70,50,关联度中等,
613,温馨,依恋,感情,,cross_category_low,0-30,7,二者不搭界,
40,守墓人,守墓人,狼人杀,,same_answer_exact,95-100,100,完全一样,
355,禁锢者,驯熊师,狼人杀,,same_category_mid,60-70,70,都为狼人杀，范围接近,
461,郁闷,惋惜,情感,,same_category_mid,60-70,30,语义不同,
456,培训,加班,工作,,same_category_mid,60-70,20,语义不同,
31,挥拳,挥拳,动作,,same_answer_exact,95-100,100,完全一样,
640,卫星,果汁,宇宙,,cross_category_low,0-30,7,二者不搭界,
470,外星人,星球,宇宙,,same_category_mid,60-70,40,都是宇宙相关，但关联度不高,
53,抬头,抬头,动作,,same_answer_exact,95-100,100,完全一样,
467,拍景,看展,旅游,,same_category_mid,60-70,20,语义不同,
761,馄饨,等待对局,美食,,nonsense_low,0-20,2,毫无关联,
667,大暑,琴棋,节日,,cross_category_low,0-30,7,二者不搭界,
245,猪八戒照镜,进退失据,歇后语,,hint_like_high,70-90,80,字面意思接近，但后者非歇后语,
369,收拾,租房,生活,,same_category_mid,60-70,20,语义不同,
4,湖畔,湖畔,风景,,same_answer_exact,95-100,100,完全一样,
715,青花瓷, серд发紧,歌曲,,nonsense_low,0-20,2,毫无关联,
155,露营,看星星,旅游,,hint_like_high,70-90,60,后者是前者一部分，但不是主体关联,
329,后来,演员,歌曲,,same_category_mid,60-70,30,二者联想度低,
174,红豆,温柔,歌曲,,hint_like_high,70-90,30,后者仅是前者的一种情绪表达，关联度不高,
531,三令五申,超新星,典故,,cross_category_low,0-30,2,二者不搭界,
312,楹联,相声,文化,,same_category_mid,60-70,50,种类相同,
706,进击的巨人,家常餐,动漫,,nonsense_low,0-20,2,毫无关联,
741,泥菩萨过,兔子尾巴,歇后语,,nonsense_low,0-20,2,毫无关联,
529,值机,春分,旅游,,cross_category_low,0-30,6,二者不搭界,
384,夏目友人帐,秦时明月,动漫,,same_category_mid,60-70,50,均为动漫，语义不同,
197,阅读,沉浸,学习,,hint_like_high,70-90,80,后者较容易猜测到前者,
54,徒步,徒步,旅游,,same_answer_exact,95-100,100,完全一样,
242,实验,现象观察,学习,,hint_like_high,70-90,80,关联度较高,
717,进击的巨人,孤身前往,动漫,,nonsense_low,0-20,2,毫无关联,
397,溪流,冰川,风景,,same_category_mid,60-70,30,都是风景，但关联度不高,
299,苦闷,愤怒,感情,,same_category_mid,60-70,60,情感强度不同,
598,对接,驯熊师,工作,,cross_category_low,0-30,7,二者不搭界,
524,月球,惊喜,宇宙,,cross_category_low,0-30,9,二者不搭界,
629,天体,小暑,学科,,cross_category_low,0-30,7,二者不搭界,
97,灯谜,元宵娱乐,文化,,hint_like_high,70-90,70,包含关系,
61,理发,理发,生活,,same_answer_exact,95-100,100,完全一样,
577,评审,镇魂街,工作,,cross_category_low,0-30,7,二者不搭界,
643,负荆请罪,推挡,典故,,cross_category_low,0-30,7,二者不搭界,
468,青龙,刑天,神话,,same_category_mid,60-70,40,都是神话，但关联度不高,
107,阅读,看文字,学习,,hint_like_high,70-90,60,阅读包含看文字,
779,井水不犯,传递流程,歇后语,,nonsense_low,0-20,2,毫无关联,
8,王安石,王安石,人物,,same_answer_exact,95-100,100,完全一样,
165,掉线,连接断,游戏,,hint_like_high,70-90,80,关联度较高,
662,京剧,风之谷,文化,,cross_category_low,0-30,7,二者不搭界,
205,追剧,下一集,生活,,hint_like_high,70-90,50,关联度中等,
373,通话,理财,生活,,same_category_mid,60-70,20,语义不同,
586,踮脚,拓印,动作,,cross_category_low,0-30,7,二者不搭界,
236,潜伏,等时机,动作,,hint_like_high,70-90,80,关联度较高,
345,悲伤,温馨,感情,,same_category_mid,60-70,30,关联度底,
201,名不副实,华而无用,成语,,hint_like_high,70-90,70,字面意思接近,
427,陨石,星球,宇宙,,same_category_mid,60-70,40,都是宇宙相关，但关联度不高,
138,踮脚,前掌起,动作,,hint_like_high,70-90,40,字面意思有关联，但很难联系那个动作,
241,上网,信号满,生活,,hint_like_high,70-90,70,信号满容易联想到手机或者WIFI,
476,熬夜,晒衣,生活,,same_category_mid,60-70,20,语义不同,
782,黔驴技穷,选题,典故,,nonsense_low,0-20,2,毫无关联,
572,天体,上线,学科,,cross_category_low,0-30,7,二者不搭界,
652,洗漱,樱桃小丸子,生活,,cross_category_low,0-30,7,二者不搭界,
645,欣慰,经济,感情,,cross_category_low,0-30,7,二者不搭界,
508,猎魔人,梦魇,狼人杀,,same_category_mid,60-70,70,都为狼人杀，范围接近,
260,做实验,器材,学习,,hint_like_high,70-90,80,关联度较高,
386,嫉妒,释然,感情,,same_category_mid,60-70,30,语义不同,
152,管理,执行,学科,,hint_like_high,70-90,50,管理包含执行但后者只是前者的一个方面,
584,月饼,热切,美食,,cross_category_low,0-30,7,二者不搭界,
535,妖精尾巴,星座,动漫,,cross_category_low,0-30,5,二者不搭界,
763,顺水推舟,全力冲,成语,,nonsense_low,0-20,2,毫无关联,
575,露台,最美的期待,旅游,,cross_category_low,0-30,7,二者不搭界,
175,闯关,最终战斗,游戏,,hint_like_high,70-90,30,后者表示最后一关，前者并不是特指最后一关，关联度不高,
132,刮骨疗毒,壮士断腕,典故,,hint_like_high,70-90,40,情感上有联系，但前者属于关羽，华佗，三国独有,
533,汤圆,稻田,美食,,cross_category_low,0-30,4,二者不搭界,
449,镇魂街,名侦探柯南,动漫,,same_category_mid,60-70,50,关联度中等,
343,愤懑,敬佩,情感,,same_category_mid,60-70,30,关联度底,
729,抬头,柜台,动作,,nonsense_low,0-20,2,毫无关联,
320,夜色,海岸,风景,,same_category_mid,60-70,20,关联度低,
259,混血儿,可变阵营,狼人杀,,hint_like_high,70-90,90,很接近,
293,理财,洗衣,生活,,same_category_mid,60-70,10,二者完全不搭界,
625,青之驱魔师,凿壁借光,动漫,,cross_category_low,0-30,7,二者不搭界,
447,鲛人,麒麟,神话,,same_category_mid,60-70,60,都是神话，但关联度不高,
178,秃子头上,无遮无掩,歇后语,,hint_like_high,70-90,70,字面意思接近,
402,稻香,告白,歌曲,,same_category_mid,60-70,60,关联度中等,
10,那英,那英,歌手,,same_answer_exact,95-100,100,完全一样,
583,代数,祖冲之,学科,,cross_category_low,0-30,7,二者不搭界,
364,网球王子,铃芽之旅,动漫,,same_category_mid,60-70,50,关联度中等,
298,副本,开荒,游戏,,same_category_mid,60-70,70,关联度较高,
180,言叶之庭,治愈,动漫,,hint_like_high,70-90,30,后者是前者的一个情感，但很难联想到前者,
140,凿壁借光,夜读无灯,典故,,hint_like_high,70-90,85,后者为解释,
88,草船借箭,计谋,典故,,hint_like_high,70-90,70,后者包含前者,
57,霜降,霜降,节日,,same_answer_exact,95-100,100,完全一样,
129,望远镜,天文器,宇宙,,hint_like_high,70-90,60,包含关系,
7,里程碑,里程碑,工作,,same_answer_exact,95-100,100,完全一样,
459,完璧归赵,退避三舍,典故,,same_category_mid,60-70,30,都是历史典故，但关联度不高,
18,趁热打铁,趁热打铁,成语,,same_answer_exact,95-100,100,完全一样,
749,懊悔,果汁,感情,,nonsense_low,0-20,2,毫无关联,
739,伸展,下西洋,动作,,nonsense_low,0-20,2,毫无关联,
27,处暑,处暑,节日,,same_answer_exact,95-100,100,完全一样,
160,泡澡,热水,生活,,hint_like_high,70-90,80,较为接近,
670,张良,悬崖,人物,,cross_category_low,0-30,7,二者不搭界,
469,收拾,午休,生活,,same_category_mid,60-70,20,语义不同,
96,背水一战,退无可退,典故,,hint_like_high,70-90,80,环境相同,
450,划点,提问,学习,,same_category_mid,60-70,20,语义不同,
732,公会,语言技巧,游戏,,nonsense_low,0-20,2,毫无关联,
526,鲛人,天文,神话,,cross_category_low,0-30,10,二者不搭界,
654,疲惫,杨千嬅,感情,,cross_category_low,0-30,7,二者不搭界,
718,听课,高处直冲,学习,,nonsense_low,0-20,2,毫无关联,
3,委屈,委屈,感情,,same_answer_exact,95-100,100,完全一样,
181,日报,每天写,工作,,hint_like_high,70-90,70,关联度接近,
716,刀剑神域,对齐,动漫,,nonsense_low,0-20,2,毫无关联,
626,欣喜,批改,情感,,cross_category_low,0-30,7,二者不搭界,
588,银河,焦虑,宇宙,,cross_category_low,0-30,7,二者不搭界,
153,自驾,路线随定,旅游,,hint_like_high,70-90,40,有关联但是很难联想,
292,魔女宅急便,进击的巨人,动漫,,same_category_mid,60-70,60,种类相同,
477,李清照,秦始皇,人物,,same_category_mid,60-70,40,都是历史人物，但关联度不高,
103,花鼓,踏步节奏,文化,,hint_like_high,70-90,60,关联度中等,
395,张杰,王力宏,歌手,,same_category_mid,60-70,40,都是歌手，但关联度不高,
348,屈原,诸葛亮,人物,,same_category_mid,60-70,30,都是历史人物，但关联度不高,
710,祭司,热乎,狼人杀,,nonsense_low,0-20,2,毫无关联,
765,狼王,行当,狼人杀,,nonsense_low,0-20,2,毫无关联,
368,哲学,心理,学科,,same_category_mid,60-70,20,语义不同,
592,血月使者,茶园,狼人杀,,cross_category_low,0-30,7,二者不搭界,
578,跟踪,杜甫,工作,,cross_category_low,0-30,7,二者不搭界,
375,白居易,张衡,人物,,same_category_mid,60-70,40,都是历史人物，但关联度不高,
404,花田,夜色,风景,,same_category_mid,60-70,30,都是风景，但关联度不高,
634,小行星,愚者,宇宙,,cross_category_low,0-30,7,二者不搭界,
703,极光,函谷关,风景,,nonsense_low,0-20,2,毫无关联,
433,雨水,处暑,节日,,same_category_mid,60-70,30,都是节日，但关联度不高,
191,预习,先熟悉,学习,,hint_like_high,70-90,90,很接近,
773,灯谜,泪成珠,文化,,nonsense_low,0-20,2,毫无关联,
110,诸葛亮,出师表,人物,,hint_like_high,70-90,95,出师表直接能联想到诸葛亮,
209,黄鼠狼拜年,暗藏坏心,歇后语,,hint_like_high,70-90,80,相似度较高,
527,复述,翻滚,学习,,cross_category_low,0-30,7,二者不搭界,
581,苏轼,抬头,人物,,cross_category_low,0-30,7,二者不搭界,
413,圣斗士,龙猫,动漫,,same_category_mid,60-70,50,关联度中等,
372,拍照,行李,旅游,,same_category_mid,60-70,20,语义不同,
587,值班,狗尾续貂,工作,,cross_category_low,0-30,7,二者不搭界,
272,猪八戒照镜,夹在中间,歇后语,,hint_like_high,70-90,70,语义较为接近，但后者非歇后语,
742,海湾,雾气起,风景,,nonsense_low,0-20,2,毫无关联,
462,追剧,打扫,生活,,same_category_mid,60-70,20,语义不同,
221,幽游白书,伙伴,动漫,,hint_like_high,70-90,50,后者范围较广,
494,对牛弹琴,唇亡齿寒,成语,,same_category_mid,60-70,30,都是成语，但关联度不高,
414,国画,楹联,文化,,same_category_mid,60-70,40,都是文化，但关联度不高,
673,悲伤,碑刻,感情,,cross_category_low,0-30,7,二者不搭界,
17,化学,化学,学科,,same_answer_exact,95-100,100,完全一样,
576,影子,一字千金,狼人杀,,cross_category_low,0-30,7,二者不搭界,
579,做梦,存档,生活,,cross_category_low,0-30,7,二者不搭界,
340,烤鱼,粥品,美食,,same_category_mid,60-70,30,都是吃的，仅此而已,
74,材料,材料,学科,,same_answer_exact,95-100,100,完全一样,
42,皮肤,皮肤,游戏,,same_answer_exact,95-100,100,完全一样,
52,淋浴,淋浴,生活,,same_answer_exact,95-100,100,完全一样,
614,记忆,流星雨,学习,,cross_category_low,0-30,7,二者不搭界,
458,溪流,湖泊,风景,,same_category_mid,60-70,30,都是风景，但关联度不高,
113,外卖,门口取,生活,,hint_like_high,70-90,55,有关联，但联想程度不高,
800,进击的巨人,心里一惊,动漫,,nonsense_low,0-20,2,毫无关联,
261,先知,预言家,狼人杀,,hint_like_high,70-90,100,二者几乎相等,
233,修灯,检查线,生活,,hint_like_high,70-90,60,关联度中等,
310,超新星,轨道,宇宙,,same_category_mid,60-70,20,二者关联度低,
608,羞涩,跳跃,情感,,cross_category_low,0-30,7,二者不搭界,
799,碑刻,篾条成形,文化,,nonsense_low,0-20,2,毫无关联,
445,小暑,万圣节,节日,,same_category_mid,60-70,30,都是节日，但关联度不高,
627,地球,体面,宇宙,,cross_category_low,0-30,7,二者不搭界,
405,村民,影子,狼人杀,,same_category_mid,60-70,70,都为狼人杀，范围接近,
674,父亲节,哑巴吃黄连,节日,,cross_category_low,0-30,7,二者不搭界,
407,拍照,免税,旅游,,same_category_mid,60-70,20,语义不同,
561,心疼,柳宗元,情感,,cross_category_low,0-30,7,二者不搭界,
630,日出,玄鸟,风景,,cross_category_low,0-30,7,二者不搭界,
176,暗能量,占比高,宇宙,,hint_like_high,70-90,30,关联度不高,
518,瞎子摸象,铁公鸡,歇后语,,same_category_mid,60-70,30,都是歇后语，但关联度不高,
